colltitle,path,shorttitle,cdmtitle,items,webitems,cdmid,status,featured,website,categories,type,alpha,shortdesc,description,mediatype,location,lat,long,datestart,dateend,image,digital_object,imagelink,imagetitle,imageid,imagewidth,imageheight,menu,zoom,menu
Adult Salmon and Steelhead Migration Studies: 1996-2014,ferl,Adult Salmon and Steelhead Migration Studies,,,,,visible,,https://www.lib.uidaho.edu/digital/ferl/,Water; Northwest; UIResearch;,AltCollection,Adult Salmon,"Fish migration datasets and an extensive catalog of technical reports and peer-reviewed publications pertaining to the study of migrations, dam passage behaviors, and survival of adult salmon and steelhead in the Columbia River basin since the 1990s.","The University of Idaho's Fish Ecology Research Lab in collaboration with the U.S. Army Corps of Engineers, NOAA-Fisheries, and other research partners has used radiotelemetry to study the migrations, dam passage behaviors, and survival of adult salmon and steelhead in the Columbia River basin since the 1990s, amassing one of the world’s largest fish migration datasets along with an extensive catalog of technical reports and peer-reviewed publications.",documents; data,Columbia River Basin,46,-116,1996,2019,https://www.lib.uidaho.edu/digital/objects/digital/collections/ferl.jpg,ferl,,,,,,,,timeline
Agricultural Experiment &amp; UI Extension Publications,uiext,UI Extension,Agricultural and Extension Publications Collection,3462,2107,ui_ep,visible,,https://www.lib.uidaho.edu/digital/uiext/,UIResearch; Agriculture; Environmental; Idaho;,Collection,Agricultural,"Primary sources for practical, research-based information on Idaho Agriculture, Forestry, Gardening, and Family and Consumer Sciences","A collaboration between the Library and University of Idaho Extension, the University of Idaho Extension and Idaho Agricultural Experiment Station Publications collection features over 2000 publications that serve as the primary source for practical, research-based information on Idaho agriculture, forestry, gardening, family and consumer sciences, and other to links.",documents,"Idaho; Moscow, ID (Extension Offices); 42 counties and 12 research and extension centers in Idaho",46.728077,-117.020026,1892,2011,https://www.lib.uidaho.edu/digital/objects/digital/collections/agext.jpg,agext,https://www.lib.uidaho.edu/digital/expforest/items/expforsav228.html,"Seed beds at Boulder Nursery, Mont.",,200px,316px,table timeline subjects about,,timeline
Al Grey/Rosalie Soladar Memorial Collection,grey_al,Al Grey  Collection,Al Grey-Rosalie Soladar Memorial Collection,255,255,ijcag,visible,,https://www.ijc.uidaho.edu/grey_al/index.html,IJC; Jazz;,IJCCollection,IJC-Grey,Awards and photographs from the Al Grey Collection,Al Grey was a jazz trombonist and bandleader. Rosalie Soladar was his companion and personal manager. Materials in this collection span most of Grey&apos;s career after their partnership. The digital collection includes photographs and images of awards and ephemera,images,"University of Idaho (Library); Moscow, ID;",46.7274,-117.01412,1989,2000,https://www.lib.uidaho.edu/digital/objects/digital/collections/ijcag_272.jpg,,https://digital.lib.uidaho.edu/cdm/ref/collection/ijcag/id/273,Al Grey playing the trombone,,298px,388px,,,timeline
Arbor Notes Collection,arbornotes,Arbor Notes,Arbor Notes,57,57,arbornotes,visible,,https://www.lib.uidaho.edu/digital/arbornotes,UI; Campus; Agriculture;,AltCollection,Arbor,A Newsletter of the (University of Idaho) Arboretum Associates,"A collection of newsletters pertaining to the University of Idaho's Arboretum and Botanical Garden, including reports, gardening tips, and other information.",documents,"University of Idaho (Arboretum); Moscow, ID;",46.722532,-117.014779,1980,2017,https://www.lib.uidaho.edu/digital/images/small/arbornotes.jpg,,,Arboretum in Fall,,400px,300px,,,timeline
Archival Idaho Photograph Collection,archivalidaho,Archival Idaho,Archival Idaho Collection,1169,1169,archivalidaho,visible,,https://www.lib.uidaho.edu/digital/archivalidaho/,Idaho,Collection,Archival,Rare Idaho Photographs from Archives around the Country,"Collected by Dennis Baird over several years and many trips to government archives and described by Idaho native Jordan Wrigley, the Archival Idaho Photograph Collection features some of the earliest extant photographs of Idaho, as well as countless other historical gems related to our fine state.",images,,,,1873,1999,https://www.lib.uidaho.edu/digital/objects/digital/collections/archivalidaho.jpg,archivalidaho,https://www.lib.uidaho.edu/digital/archivalidaho/items/archivalidaho113.html,"Playground and wading pool, Idaho Falls",,,,,,
Barnard-Stockbridge Photograph Collection,barstock,Barnard-Stockbridge,Barnard-Stockbridge Photograph Collection,1208,1208,bar-stock,visible,y,https://www.lib.uidaho.edu/digital/barstock/,Idaho; Mining; Fire;,Collection,Barnard,"Historical Photographs of Northern Idaho Mines, Towns, and Scenery, 1894-1964","The Barnard-Stockbridge Collection exhibits over 1000 photographs, selected from over 200,000 nitrocellulose and glass plate negatives, taken by Nellie Stockbridge and T. N. Barnard during the years 1894-1964. The photos depict various aspects of life in the Wallace/Kellogg mining area.",images,"Wallace, ID; Kellogg, ID; Burke, ID; Mullan, ID; Wardner, ID; Cataldo, ID; Silver Valley area in Idaho; Coeur'Alene, ID; Lolo Pass, MT;",47.474095,-115.927939,1886,1964,https://digital.lib.uidaho.edu/utils/ajaxhelper/?CISOROOT=bar-stock&amp;CISOPTR=405&amp;action=2&amp;DMSCALE=40&amp;DMWIDTH=512&amp;DMHEIGHT=450&amp;DMX=0&amp;DMY=0&amp;DMTEXT=&amp;DMROTATE=0,,https://digital.lib.uidaho.edu/cdm/ref/collection/barstock/id/405,"Hercules Mill, Burke (Idaho), 1907",,400px,352px,table map timeline subjects all about,9,timeline
Bunker Hill Labor Collection,bunkerhill,Bunker Hill,Bunker Hill Labor History Collection,463,463,bunkerhill,visible,,https://www.lib.uidaho.edu/digital/bunkerhill,Idaho; Mining; Labor;,Collection,Bunker,463 letters of correspondence between the managers and owners of the Bunker Hill Mine and Sullivan M. &amp; C. Co.,The Bunker Hill Labor History Collection is 463 letters of correspondence between the managers and owners of the Bunker Hill Mine &amp; Sullivan M. &amp; C. Co.,documents,"Wardner, ID",47.523164,-116.13419,1899,1902,https://www.lib.uidaho.edu/digital/bigburn/other/MG367-10-116j.jpg,,fhttps://digital.lib.uidaho.edu/cdm/ref/collection/bigburn/id/45,Forest Fire 1910 - Bunker Hill correspondence,,400px,351px,,,timeline
"C. H. Shattuck, Idaho Lantern Slides, 1904-1910",shattuck,Shattuck Collection,"C. H. Shattuck, Idaho Lantern Slides, 1904-1910",212,212,spec_cs,visible,y,https://www.lib.uidaho.edu/digital/shattuck/,Idaho; UI; Wilderness;,AltCollection,Shattuck,"Early twentieth century slides depicting the University of Idaho, as well as the wilderness of Idaho and Idaho residents&apos; attempts at domesticating it","Charles Houston Shattuck was a professor in the College of Agriculture (now Natural Resources) who initiated &apos;Arboretum Hill&apos; (now known as the Charles Houston Shattuck Arboretum). These early twentieth century slides depict the University of Idaho, as well as the wilderness of Idaho and Idaho residents&apos; attempts at domesticating it.",images,"Selway-Bitterroot Wilderness Region; Bitterroot Mountain, ID; University of Idaho; Moscow, ID; Packers Meadows, ID; Kaniksu National Forest, MT; Lolo Hot Springs, MT;",46.724545,-117.015397,1904,1910,https://digital.lib.uidaho.edu/utils/ajaxhelper/?CISOROOT=spec_cs&amp;CISOPTR=10&amp;action=2&amp;DMSCALE=10&amp;DMWIDTH=390&amp;DMHEIGHT=317&amp;DMX=0&amp;DMY=0&amp;DMTEXT=&amp;DMROTATE=0,,https://digital.lib.uidaho.edu/cdm/ref/collection/spec_cs/id/10,White Sand Lake (Idaho),,390px,317px,,,timeline
Carleton Watkins Mine Interiors Collection,watkins,Watkins Collection,"Carleton Watkins Mine Interiors Collection (1890, Butte, MT)",80,80,watkins,visible,,https://www.lib.uidaho.edu/digital/watkins/,Mining; Northwest;,Collection,Watkins,"Interior photos of mines in Butte, Montana, 1890, hundreds of feet below ground","Among the riches of the historical photograph collections of the University of Idaho Library is an oversize portfolio of eighty original Carleton E. Watkins photographs. Long considered lost, these photographs of the interior of the Anaconda Mines in Butte, Montana, were taken in 1890. They show early hard-rock mining techniques, equipment, and men deep underground.",images,"Butte, MT",46.036746,-112.506437,1890,1891,https://digital.lib.uidaho.edu/utils/ajaxhelper/?CISOROOT=watkins&amp;CISOPTR=62&amp;action=2&amp;DMSCALE=35&amp;DMWIDTH=444&amp;DMHEIGHT=347&amp;DMX=0&amp;DMY=0&amp;DMTEXT=&amp;DMROTATE=0,,https://digital.lib.uidaho.edu/cdm/ref/collection/watkins/id/62,Anaconda Mines - Mt Con 400 level East sill floor,,400px,313px,map depth letters all,16,timeline
Cattle Producer's Handbook Collection,cattle,Cattle Handbook,Cattle Producer's Handbook Collection,12,12,cattle,visible,,https://digital.lib.uidaho.edu/cdm/search/collection/cattle,UIResearch; Agriculture; Environmental; Idaho; UI;,AltCollection,Cattle,Handbook prepared regularly by the Western Beef Resource Committee (WBRC),"The Cattle Producer's Handbook is prepared by the Western Beef Resource Committee (WBRC), which consists of beef specialists, economists, range scientists, animal nutritionists, county educators, and veterinarians from the Cooperative Extension System and cattle industry.",documents,"Twin Falls, ID",42.562404,-114.460263,2014,2018,https://www.lib.uidaho.edu/digital/objects/digital/collections/browncow.jpg,browncow,https://commons.wikimedia.org/wiki/File:Brown_Cow_Drawing.jpg,Brown cow image from wikimedia,,493px,113px,,,timeline
Chatcolab NW Leadership Lab Collection,chatcolab,Chatcolab Collection,Chatcolab NW Leadership Lab,47,47,chatcolab,visible,,https://www.lib.uidaho.edu/digital/chatcolab/,Idaho; Northwest; UIResearch;,AltCollection,Chatcolab,A collection of packets from the Chatcolab Northwest Leadership Laboratory. Chatcolab offers a unique opportunity to build leadership by engaging in the creative planning and then sharing of a recreational experience.,The Chatcolab Northwest Leadership Laboratory has been running each summer since 1949. Chatcolab offers a unique opportunity to build leadership by engaging in the creative planning and then sharing of a recreational experience. This collection of packets was donated by Bob Carver to the University of Idaho Library and digitized by the digital initiatives unit in 2017.,documents,"Rathdrum, ID",47.877418,-116.856805,1949,1995,https://www.lib.uidaho.edu/digital/images/small/chatcolab.jpg,,https://digital.lib.uidaho.edu/cdm/ref/collection/chatcolab/id/12,Chatcolab Packet 1968,,400px,516px,table,,timeline
Columbia River Basin Project - PNW Dam Construction,crbp,Coulee Dam Collection,Columbia River Basin Project - Dam Construction in the Pacific Northwest,456,456,crbproj,visible,,https://www.lib.uidaho.edu/digital/crbp/,Dams; Construction; Water; Northwest;,Collection,Columbia,"Historical photographs of Grand Coulee Dam and Columbia River Basin Project construction, 1933-1965","Digitized photographs pertaining to the Columbia Basin Project. Special emphasis is placed on the construction of Grand Coulee Dam, the canal systems of Central Washington, and numerous other dams in the Inland Northwest.",images,"Grand Coulee, WA; Canal systems of Central Washington",47.959223,-118.974938,1933,1965,https://digital.lib.uidaho.edu/utils/ajaxhelper/?CISOROOT=crbproj&amp;CISOPTR=1040&amp;action=2&amp;DMSCALE=15&amp;DMWIDTH=512&amp;DMHEIGHT=460&amp;DMX=0&amp;DMY=0&amp;DMTEXT=&amp;DMROTATE=0,,https://digital.lib.uidaho.edu/cdm/ref/collection/crbproj/id/1040,Man stands on siphon,,400px,359px,table map timeline all about,8,timeline
CTRL+SHIFT,,CTRL-SHIFT,,,,,visible,,https://ctrl-shift.org/,Poetry; UIResearch;,CDIL,CTRL-SHIFT,11 Contemporary Poets on writing through the advent of the personal computer and into the arrival of the digital age.,"CTRL+SHIFT is an online collection of audio recordings, transcripts, process visualizations, and data analyses broken out from interviews conducted with 11 prominent contemporary American poets from across the United States. The project examines recent changes in writing practices that occurred due to the advent of the computer and the arrival of the digital age and investigates new modes of working with and publishing data from qualitative interview studies.",documents; images; video,"Los Angeles, CA; Cambridge, MA; Irvine, CA;  New York, NY; Moscow, ID; Liberty Lake, WA; Ashland, OR; Long Beach, CA; Cambridge, MA; Bellingham, WA; San Diego, CA;",,,2013,2018,https://cdil.lib.uidaho.edu/images/ctrl-shift.jpg,ctrl-shift,,,,,,,,timeline
Digital Scholarship Collection,digschol,Digital Scholarship,Digital Scholarship Collection,4,4,digschol,noshow,,https://digital.lib.uidaho.edu/cdm/search/collection/digschol,UIResearch;,CDIL,Digital,Website records of past digital scholarship at the University of Idaho,Website records of past digital scholarship at the University of Idaho,urls,"University of Idaho; Moscow, ID;",46.728014,-117.011009,2000,2015,,,na,,,na,na,,,timeline
Dizzy Gillespie Collection,gillespie_dizzy,Dizzy Gillespie Collection,Dizzy Gillespie Collection,18,18,ijcdg,visible,,https://www.ijc.uidaho.edu/gillespie_dizzy/index.html,IJC; Jazz;,IJCCollection,IJC-Gillespie,Images and memorabilia from the Dizzy Gillespie Collection.,This collection was assembled by Special Collections and Archives of the University of Idaho Library with materials donated by Mrs. Gillespie. The collection contains fifteen items that belonged to the artist.,memorabilia,"University of Idaho (Library); Moscow, ID;",46.72732,-117.01412,1987,2000,https://digital.lib.uidaho.edu/utils/ajaxhelper/?CISOROOT=ijcdg&amp;CISOPTR=6&amp;action=2&amp;DMSCALE=15&amp;DMWIDTH=451&amp;DMHEIGHT=307&amp;DMX=0&amp;DMY=0&amp;DMTEXT=&amp;DMROTATE=0,,https://digital.lib.uidaho.edu/cdm/ref/collection/ijcdg/id/6,Plaster Mask,,400px,272px,,,timeline
Donald R. Theophilus Boxing Photograph Collection,boxing,Boxing Collection,Donald R. Theophilus Boxing Photograph Collection,53,53,boxing,visible,,https://www.lib.uidaho.edu/digital/boxing,UI; Idaho; Sports; Campus;,Collection,Boxing,"Photographs of University of Idaho Boxers and Boxing Teams, 1934 - 1953",A digital collection comprised of 52 photographs of boxers and boxing teams from the University of Idaho,images,"University of Idaho; Sacramento, CA;",46.727485,-117.014185,1934,1953,https://www.lib.uidaho.edu/digital/objects/digital/collections/boxer.jpg,,https://digital.lib.uidaho.edu/cdm/ref/collection/boxing/id/5,1947-1948 University of Idaho boxing squad,,400px,377px,timeline all,,timeline
Dworshak Dam Collection,dworshak,Dworshak Dam,Dworshak Dam Collection,501,501,dworshak,visible,,https://www.lib.uidaho.edu/digital/dworshak/,Dams; Construction; Water; Northwest; Idaho; Maps;,Collection,Dworshak,"Documenting the Development and Construction of the Doworshak Dam, 1952 - 1975","Digitized photographs and documents pertaining to the planning, development and construction of the Dworshak Dam, featuring documents and photographs detailing both the legislative and physical development of the dam.",documents; images,"Dworshak Dam, ID",46.515697,-116.296881,1952,1973,https://digital.lib.uidaho.edu/utils/ajaxhelper/?CISOROOT=dworshak&amp;CISOPTR=552&amp;action=2&amp;DMSCALE=30&amp;DMWIDTH=456&amp;DMHEIGHT=366&amp;DMX=0&amp;DMY=0&amp;DMTEXT=&amp;DMROTATE=0,,https://digital.lib.uidaho.edu/cdm/ref/collection/dworshak/id/552,Aerial view of clearwater river before construction of Dworshak Dam,,400px,321px,map timeline subjects all about,11,timeline
"Edward John Iddings Lantern Slides, 1927",iddings,Iddings Collection,"John Edward Iddings, Lantern Slides, 1927",157,157,spec_ji,visible,,https://www.lib.uidaho.edu/digital/iddings/,UIResearch; Agriculture; UI; Idaho;,AltCollection,Iddings,"Slides from longtime College of Agriculture Dean, Edward John Iddings, including university-, agriculture-, and travel-related images","Edward John Iddings was the Dean of the College of Agriculture at UI from 1915 to 1946. These slides depict agricultural and university-related scenes from Idaho, as well as images from Iddings&apos; travels.",images,"University of Idaho (Admin building); Moscow, ID;",46.727874,-117.028127,1927,1927,https://digital.lib.uidaho.edu/utils/ajaxhelper/?CISOROOT=spec_ji&amp;CISOPTR=426&amp;action=2&amp;DMSCALE=10&amp;DMWIDTH=352&amp;DMHEIGHT=286&amp;DMX=0&amp;DMY=0&amp;DMTEXT=&amp;DMROTATE=0,,https://digital.lib.uidaho.edu/cdm/ref/collection/spec_ji/id/426,Scottish Highland Cattle,,352px,286px,,,timeline
Experimental Forest and Savenac Nursery Photo Archive,expforest,Exp. Forest Photos,Experimental Forests and Savenac Nursery Photo Archive,848,848,expforsav,visible,,https://www.lib.uidaho.edu/digital/expforest/,Forests; Idaho; Northwest; Fire; UIResearch;,Collection,Experimental,"Historical photographs of Experimental Forests and Savenac Nursery in Northern Idaho and Northwestern Montana, 1910 - 1989","The Experimental Forest and Savenac Nursery Photo Archive contains photographs related to or depicting the establishment of two Forest Service Experimental Forests in north Idaho, Priest River and Deception Creek, and the Savenac Nursery in Montana.",images,"Priest River, ID; Deception Creek, ID; Savenac Nursery, MT;",48.571027,-116.823399,1910,1989,https://digital.lib.uidaho.edu/utils/ajaxhelper/?CISOROOT=expforsav&amp;CISOPTR=232&amp;action=2&amp;DMSCALE=20&amp;DMWIDTH=481&amp;DMHEIGHT=361&amp;DMX=0&amp;DMY=0&amp;DMTEXT=&amp;DMROTATE=0,,https://digital.lib.uidaho.edu/cdm/ref/collection/expforsav/id/232,Interior view of thinning in 65-year western white pine.,,400px,300px,map timeline all about,8,timeline
"Family Tree Collection, a Potlatch Forests, Inc. Newsletter",familytree,Family Tree Collection,"Family Tree Collection, a Potlatch Forests, Inc. Newsletter",180,180,spec_pot,visible,,https://www.lib.uidaho.edu/digital/FamilyTree/,"Idaho; Forests; Latah; Potlatch, ID;",Collection,Family,"A Potlatch Forests, Inc. Newsletter Published from 1936-1952","The Family Tree was a newsletter published by Potlatch Forests, Inc. for their employees from 1936 - 1952. The newsletter covers local (Potlatch area) and national events, with a special focus on issues pertaining to Potlatch Forests and its loggers and other employees.",documents,"Potlatch, ID",46.921354,-116.903071,1936,1952,https://www.lib.uidaho.edu/digital/FamilyTree/5009a.jpg,,https://digital.lib.uidaho.edu/cdm/ref/collection/spec_pot/id/1149,"The Family Tree - 1947, September",,294px,400px,timeline about,,timeline
Finding Aids (EAD),spec_fa,Finding Aids,Finding Aids,1106,425,spec_fa,noshow,,https://digital.lib.uidaho.edu/cdm/landingpage/collection/spec_fa,UI; Idaho;,AltCollection,Finding,University of Idaho Library Special Collections and Archives Guides and Descriptions,Finding Aids are guides to the physical collections held by the Library&apos;s Special Collections &amp; Archives Department. All material mentioned in these guides can be read or examined by request. See here for more information about accessing these materials.,documents,"University of Idaho (Library); Moscow, ID;",46.72748,-117.01396,1889,2011,,,na,,,,,,,timeline
Fugue Literary Journal Collection,fugue,Fugue Collection,Fugue Literary Journal Collection,4300,38,fugue,visible,,https://digital.lib.uidaho.edu/cdm/landingpage/collection/fugue,UIResearch; UI,Journal,Fugue,The official literary journal of the University of Idaho&apos;s English Department,Fugue is the official literary journal of the University of Idaho&apos;s English Department.,documents; images,"University of Idaho (English Department); Moscow, ID;",46.728091,-117.012692,1990,2013,https://digital.lib.uidaho.edu/utils/ajaxhelper/?CISOROOT=fugue&amp;CISOPTR=3685&amp;action=2&amp;DMSCALE=35&amp;DMWIDTH=287&amp;DMHEIGHT=442&amp;DMX=0&amp;DMY=0&amp;DMTEXT=&amp;DMROTATE=0,,https://digital.lib.uidaho.edu/cdm/ref/collection/fugue/id/3889,"Fugue Summer-Fall, Fall 2010 (No. 39)",,260px,400px,,,timeline
Gem of the Mountains Digital Yearbook Collection,gem,Gem Collection,Gem of the Mountains Digital Yearbook Collection,102,102,gem,visible,,https://www.lib.uidaho.edu/digital/gem/,UI; Campus;,CampusCollection,Gem,The official yearbook of the University of Idaho from 1903 to 2004,The Gem of the Mountains was the official yearbook of the University of Idaho from 1903 to 2004.,documents; images,"University of Idaho (Library); Moscow, ID;",46.727332,-117.012296,1903,2004,https://www.lib.uidaho.edu/digital/img/gem.png,,https://www.lib.uidaho.edu/digital/gem/,Collection Home Page,,400px,267px,,,timeline
Guided Reading Library,guidedreading,Guided Reading,Guided Reading Library,122,122,guidedread,visible,,https://www.lib.uidaho.edu/digital/guidedreading/index.html,UI; Education;,AltCollection,Guided,"A library of guided reading material from the University of Idaho College of Education, curated by Margaret Vaughn","The Guided Reading Library is a digital collection of short books created by students in the University of Idaho&apos;s College of Education. This library is directed by Margaret Vaughn, in collaboration with the Digital Inititiaves department of the University of Idaho Library.",documents; audio,"University of Idaho; Moscow, ID;",46.725896,-117.012357,2013,2016,https://www.lib.uidaho.edu/digital/images/guidedreading.png,,https://www.lib.uidaho.edu/digital/guidedreading/library/Bread.html,Facts about Bread,,na,na,,,timeline
Historical Japanese Ceramic Comparative Collection (HJCCC),hjccc,HJCCC,Historical Japanese Ceramic Comparative Collection (HJCCC),,,HJCCC,visible,,https://www.lib.uidaho.edu/digital/hjccc/,Archaeology; Northwest; UIResearch,CDIL,Historical Japanese,Japanese ceramics from archaeological sites in the American West.,"The Historical Japanese Ceramic Comparative Collection (HJCCC) provides researchers with comparative examples of Japanese ceramics that are found on North American archaeological sites. The HJCCC contains digital photographs and resources for identifying and describing Japanese ceramics manufactured during the Meiji, Taisho, and early Showa eras (roughly the mid-nineteenth and early twentieth centuries). It is intended to assist in identification of historical Japanese ceramics, to encourage the use of standardized terminology, and to promote further research.",images,Pacific Northwest,,,2018,2019,https://www.lib.uidaho.edu/digital/hjccc/objects/aacc-bowls-4-center-crop4.jpg,,https://www.lib.uidaho.edu/digital/hjccc/objects/aacc-bowls-4-center-crop4.jpg,Composite of various pieces from the collection,,,,,,timeline
HistPhoto - Historical Photograph Database,histphoto,HistPhoto,,,,,noshow,,https://www.lib.uidaho.edu/special-collections/histphoto/,Reference Materials,Application,HistPhoto,A Special Collections &amp; Archives Historical Photograph Database,A Special Collections &amp; Archives Historical Photograph Database,documents,"University of Idaho (Library); Moscow, ID;",46.72756,-117.01404,1863,1975,,,na,na,,na,na,,,timeline
Idaho Cities &amp; Towns,cities,Idaho Cities,Idaho Cities and Towns,1083,1083,cities,visible,y,https://www.lib.uidaho.edu/digital/cities/,Idaho;,Collection,Idaho Cities,"From Aberdeen to Yellow Dog - Historical Photos of 134 Cities and Towns, 1862 - 1998",The 1083 historical photographs in the Idaho Cities &amp; Towns collection document Idaho cities and towns from the mid 1800s to the end of the twentieth century.,images,Idaho,46.826007,-116.613768,1862,1998,https://digital.lib.uidaho.edu/utils/ajaxhelper/?CISOROOT=cities&amp;CISOPTR=30&amp;action=2&amp;DMSCALE=50&amp;DMWIDTH=467&amp;DMHEIGHT=291&amp;DMX=0&amp;DMY=0&amp;DMTEXT=&amp;DMROTATE=0,,https://digital.lib.uidaho.edu/cdm/ref/collection/cities/id/30,"Sunday School group standing in front of church building in Avon, Idaho.",,400px,249px,map timeline all subjects about,7,timeline
Idaho Civilian Conservation Corps,cccidaho,CCC Collection,Idaho Civilian Conservation Corps,822,822,cccidaho,visible,y,https://www.lib.uidaho.edu/digital/cccidaho/,Idaho; Fire; Forests; Wilderness;,Collection,Civilian,"A collection of maps, images, and documents pertinent to the history of the Civilian Conservation Corps in Idaho","A collection of maps, images, and documents pertinent to the history of the CCC in Idaho representing the research discoveries of Patricia Hart and Ivar Nelson, who spent over two years traveling across the state to find and scan materials related to the CCC.",images; documents; maps;,Idaho,47.012456,-116.265435,1933,1942,https://digital.lib.uidaho.edu/utils/ajaxhelper/?CISOROOT=cccidaho&amp;CISOPTR=0&amp;action=2&amp;DMSCALE=33&amp;DMWIDTH=400&amp;DMHEIGHT=315&amp;DMX=0&amp;DMY=0&amp;DMTEXT=&amp;DMROTATE=0&amp;DMID,,https://digital.lib.uidaho.edu/cdm/ref/collection/cccidaho/id/0,Camp Deep Creek,,400px,315px,map subjects timeline all about,,timeline
Idaho Football Covers Collection,footballcovers,Gameday Covers,Vandal Football Program Covers Collection,148,148,football,visible,,https://www.lib.uidaho.edu/digital/footballcovers/,UI; Campus; Idaho; Sports;,Collection,Football,"50+ Years worth of Vandal Football Gameday Program Covers, 1908 - 1967",The Idaho Vandals Football Historical Game day Program Covers Collection consists of over 50 years worth of game day program covers (1908-1967) produced for football contests that took place all over the country.,images,"University of Idaho (MacLean Field, Neale Stadium); Moscow, ID; Arizona; California; Montana; West Point, NY; North Dakota; Oregon; Utah; Washington State University; University of Washington;",46.727012,-117.01645,1908,1967,https://digital.lib.uidaho.edu/utils/ajaxhelper/?CISOROOT=football&amp;CISOPTR=60&amp;action=2&amp;DMSCALE=25&amp;DMWIDTH=290&amp;DMHEIGHT=407&amp;DMX=0&amp;DMY=0&amp;DMTEXT=&amp;DMROTATE=0,,https://digital.lib.uidaho.edu/cdm/ref/collection/football/id/60,UI vs. Farragut,,285px,400px,map timeline all about,4,timeline
Idaho Forest Wildlife and Range Experiment Station Collection,fwres,Forest Wildlife + Range,Idaho Forest Wildlife and Range Experiment Station,233,77,fwres,visible,,https://www.lib.uidaho.edu/digital/fwres/,Forests; Idaho; Northwest; UI; Water; Rangeland; Wilderness; UIResearch,Collection,Forest,"UI-led research on topics ranging from Idaho&apos;s forests and hydrology to rangeland, fisheries, and wildlife, published from 1954 to the present","Over 200 documents and reports created by faculty in the UI Foestry Department of the College of Natural Resources, 1954 to the present",images,"Moscow, ID",46.72929,-117.012801,1954,2014,https://digital.lib.uidaho.edu/digital/api/singleitem/image/plcphotos/1408/default.jpg?highlightTerms=testing,,https://digital.lib.uidaho.edu/cdm/ref/collection/fwres/id/4,Focus on Renewable Natural Resources Fiscal 1981 Annual Report,,296px,400px,table timeline subjects about,,timeline
Idaho Forestry Research Collection,forestryresearch,Forestry Research,Idaho Forestry Research Collection,478,478,forestryresearch,visible,,https://digital.lib.uidaho.edu/cdm/search/collection/forestryresearch,Forests; Idaho; Northwest; UI; UIResearch,AltCollection,Forestry,Documents and images from miscellaneous collections pertaining to the history of forestry in Idaho,Documents and images from miscellaneous collections pertaining to the history of forestry in Idaho,documents; images,Idaho,46.926875,-116.501427,1911,1983,https://digital.lib.uidaho.edu/utils/ajaxhelper/?CISOROOT=forestryresearch&amp;CISOPTR=49&amp;action=2&amp;DMSCALE=20&amp;DMWIDTH=400&amp;DMHEIGHT=315&amp;DMX=0&amp;DMY=0&amp;DMTEXT=&amp;DMROTATE=0&amp;DMID,,https://digital.lib.uidaho.edu/cdm/singleitem/collection/forestryresearch/id/49/rec/40,DDT Application,,400px,315px,,,timeline
Idaho Historical Aerial Photographs,uiiap,Historical Aerial Photos,Idaho Historical Aerial Photographs,2021,2021,uiiap,visible,,https://www.lib.uidaho.edu/digital/maps/aerial.html,Idaho; Maps; Forests; Water,AltCollection,Idaho Historical Aerial,Historic air photos of Idaho from 1927 to the 1980s,The Idaho Historical Aerial Photographs are a collection of both oblique and vertical historic air photos ranging from 1927 to the 1980s.,images,Northern Idaho,47.431308,-116.92337,1927,1953,https://digital.lib.uidaho.edu/utils/ajaxhelper/?CISOROOT=uiiap&amp;CISOPTR=1366&amp;action=2&amp;DMSCALE=40&amp;DMWIDTH=512&amp;DMHEIGHT=439&amp;DMX=0&amp;DMY=0&amp;DMTEXT=&amp;DMROTATE=0,,https://digital.lib.uidaho.edu/cdm/ref/collection/uiiap/id/1366,"Harrison, Lake Coeur D'Alene",,325px,279px,,,timeline
Idaho Historical Maps,spec_hm,Idaho Maps,Idaho Historical Maps,9,9,spec_hm,visible,,https://digital.lib.uidaho.edu/cdm/landingpage/collection/spec_hm,Idaho; Northwest; Maps; Mining,AltCollection,Idaho Historical Maps,"A small collection of large historic maps, 1887-1984","A small collection of large maps that depict the Coeur D'Alene mining region, covering areas of Montana and Idaho (Shoshone County). These maps come from the Bunker Hill Mining Company Records, 1887-1984, a manuscript collection held by the University of Idaho Library's Special Collections &amp; Archives department.",images,"Shoshone County, ID; Wallace, ID; Kellogg, ID; Burke, ID; Silver Valley, ID; Mullan, ID; Wardner, ID;",47.686824,-116.726818,1863,1951,https://digital.lib.uidaho.edu/utils/ajaxhelper/?CISOROOT=spec_hm&amp;CISOPTR=7&amp;action=2&amp;DMSCALE=5.47120&amp;DMWIDTH=600&amp;DMHEIGHT=600&amp;DMX=0&amp;DMY=0&amp;DMTEXT=&amp;REC=6&amp;DMTHUMB=1&amp;DMROTATE=0,,https://digital.lib.uidaho.edu/cdm/ref/collection/spec_hm/id/7,Coeur D'Alene National Forest,,313px,279px,,,timeline
Idaho Snow Loads,idahosnow,Idaho Snow Loads,,,1,,visible,,https://www.lib.uidaho.edu/digital/idahosnow/,Idaho; Construction;,Application,Idaho Snow,An interactive snow load application based on geographic areas in Idaho.,"This resources relates to the report &apos;Ground and Roof Snow Loads for Idaho,&apos; which was released in 1986 by the Department of Civil Engineering at the University of Idaho. To read the report and it&apos;s appendices, click on the cover. To use the map, click on the map. This map has been made possible by several years of nonfunded work. We respectfully request that if you use this map or report for commercial purposes, you purchase a pdf/map (information at top right) or donate to the University of Idaho Library.",documents,Idaho,43.492285,-114.411621,1986,1987,https://www.lib.uidaho.edu/digital/idahosnow/idahosnowload-reallysmall.jpg,,https://www.lib.uidaho.edu/digital/idahosnow/elevation.html,Idaho Snow Load Map,,262px,400px,,,timeline
Idaho Waters Digital Library,iwdl,Idaho Waters,Idaho Waters Digital Library,476,478,idahowater,visible,,https://www.lib.uidaho.edu/digital/iwdl/,Idaho; Water; Wilderness; Mining; UIResearch;,Collection,Idaho Waters,"Scientific and technical reports, with an emphasis on Idaho Water Resources Research Institute reports and publications","The Idaho Waters Digital Library provides access to information resources relating to water issues in key Idaho river basins. The collection presently includes scientific and technical reports, with an emphasis on [Idaho Water Resources Research Institute](https://www.uidaho.edu/research/iwrri) reports and publications. Documents can be browsed by [Location](map.html 'Browse by Map'), [Date](timeline.html 'Browse by Time'), and [Subject Term](subjects.html 'Browse by Subject') by using the tabs above. The database can also be queried extensively using the [Table](table.html 'Browse/Search by Table') feature. This project would not have been possible without the grant support of the [United States Geological Survey](https://www.uidaho.edu/research/iwrri/aboutiwrri), the administrative support of the [Idaho Water Resources Research Institute](https://www.uidaho.edu/research/iwrri/aboutiwrri), the metadata &amp; digitization work of Warren Bromley-Vogel, and the conceptual efforts of Jodi Haire.",documents,"Idaho; Coeur D'Alene, ID; Lewiston, ID; Boise, ID;",43.608655,-116.193734,1963,1984,https://www.lib.uidaho.edu/images/pinecreekliberalking.jpg,,https://digital.lib.uidaho.edu/cdm/ref/collection/idahowater/id/71,Research in water resources for Idaho,,400px,269px,table map timeline subjects,7,timeline
INSIDE Idaho,,Inside Idaho,,,,,visible,,https://www.insideidaho.org/,UI; UIResearch; Maps; Environmental;,AltCollection,INSIDE Idaho,"Interactive database that provides access to geospatial data and information by, for, and about Idaho.","INSIDE Idaho is the official geospatial data clearinghouse for the State of Idaho. INSIDE Idaho serves as a comprehensive geospatial data digital library, providing access to, and a context within which to use, geospatial data and information by, for, and about Idaho.",images; data,Idaho,,,1998,,https://www.lib.uidaho.edu/digital/objects/digital/collections/insideidaho.jpg,insideidaho,,,,,,,,timeline
Institutional Repository,ir,UI Repository,Institutional Repository,106,106,IR,visible,,https://digital.lib.uidaho.edu/cdm/search/collection/IR,UIResearch;,AltCollection,Institutional,Documents and images from miscellaneous collections pertaining to the history of forestry in Idaho,Research articles and other documents produced by individuals and entities from the University of Idaho.,documents,"University of Idaho; Moscow, ID;",46.727309,-117.012272,2000,2016,https://www.lib.uidaho.edu/digital/objects/digital/collections/ui_repository.jpg,ui_repository,na,na,,na,na,,,timeline
Intermountain Forestry Cooperative,iftnc,Forestry Coop,Intermountain Forestry Cooperative,39,39,iftnc,visible,,https://www.lib.uidaho.edu/digital/iftnc/,Forests; Northwest; UIResearch;,AltCollection,Intermountain,"A collection of reports, studies, and documents published by the Intermountain Forestry Cooperative","A collection of reports, studies, and documents published by the Intermountain Forest Tree Nutrition Cooperative (IFTNC), a research cooperative composed of public and private forestry organizations that is located administratively in the College of Natural Resources at the University of Idaho.",documents,Inland Northwest,46.729312,-117.012924,1984,1991,https://www.lib.uidaho.edu/digital/img/IFTNC.jpg,,https://digital.lib.uidaho.edu/cdm/ref/collection/iftnc/id/3350,Trees in the mountains,,311px,149px,,,timeline
International Jazz Collections (IJC),ijc,Jazz Collections,,0,0,ijc,visible,,https://www.ijc.uidaho.edu/,IJC; Jazz; UI;,IJCCollections,IJC,A Collection of Jazz Collections,"The International Jazz Collections (IJC) was formally established at the University of Idaho in 2000, featuring papers and photographs of the legendary Lionel Hampton. The IJC merged with the University of Idaho Library's Special Collections & Archives department in 2007. It is now the preeminent jazz archive in the Pacific Northwest.",collections,"University of Idaho (Library); Moscow, ID;",46.72732,-117.01588,1900,2002,https://www.ijc.uidaho.edu/images/IJC_flash2_01.jpg,,https://www.ijc.uidaho.edu/,Collage International Jazz Collection Image,,671px,315px,,,timeline
Joe Williams Collection,williams_joe,Joe Williams,Joe Williams Collection,147,147,ijcw,visible,,https://www.ijc.uidaho.edu/williams_joe/index.html,IJC; Jazz;,IJCCollection,IJC-Williams,Scores from the Joe Williams Collection.,"Joe Williams was a vocalist who began singing professionally in the late 1930’s. He worked with the big bands of Coleman Hawkins, Lionel Hampton and Count Basie; it was with Basie that Williams had his first recording hits. Williams won many awards and professional recognition. In the 1980’s he had a recurring role (as “Grandpa Al�?) on TV’s The Cosby Show. He died in Las Vegas on March 29, 1999.",scores,"University of Idaho (Library); Moscow, ID;",46.72732,-117.01488,1930,1970,https://digital.lib.uidaho.edu/utils/ajaxhelper/?CISOROOT=ijcw&amp;CISOPTR=266&amp;action=2&amp;DMSCALE=25&amp;DMWIDTH=361&amp;DMHEIGHT=467&amp;DMX=0&amp;DMY=0&amp;DMTEXT=&amp;DMROTATE=0,,https://digital.lib.uidaho.edu/cdm/compoundobject/collection/ijcw/id/275,Score for They Can&apos;t Take That Away from Me,,309px,400px,,,timeline
Kooskia Internment Camp Scrapbook,kooskia,Kooskia Internment Camp,Kooskia Internment Camp Scrapbook,387,194,spec_kic,visible,y,https://www.lib.uidaho.edu/digital/Kooskia/,Idaho; War;,Collection,Kooskia,"Documenting the daily life of Japanese Americans interned by the US Government near Kooskia, ID durning World War II","The Kooskia Internment Camp Scrapbook documents the sights, tasks, scenes, and events of Japanese men detained during the camp&apos;s two years or operation (May 1943 - May 1945). The camp was located in a remote area of north central Idaho, 30 miles from the town of Kooskia; it was administered by the U.S. Immigration and Naturalization Service (INS) for the U.S. Department of Justice.",scrapbook; images,"Kooskia, ID",46.144012,-115.594819,1943,1945,https://www.lib.uidaho.edu/digital/img/kooksia1.png,,https://digital.lib.uidaho.edu/cdm/ref/collection/spec_kic/id/786,Kooskia Internment Camp Scrapbook Entrance Sign,,399px,247px,subjects all,,timeline
Kyle Laughlin Photographs,laughlin,Laughlin Photos,Latah County Oral Histories Collection,828,828,spec_kl,visible,,https://www.lib.uidaho.edu/digital/Laughlin/,Idaho; Water; Agriculture; UI; Latah;,Collection,Laughlin,"Historical Photographs of Idaho and the United States, 1931 - 1979","The images of the Kyle Laughlin Photograph Collection, taken from 1931 to 1979, depict Idaho&apos;s natural scenery and historic sites, as well as personal moments from Kyle Laughlin&apos;s life. Laughlin was a Moscow, Idaho resident and businessman for 56 years; he owned several businesses, including a photo shop, an appliance store, and a television/cable company.",images,"Idaho; Washington; Montgomery, AL; Acoma Village, NM; Topeka, KS; St. Louis, MO; Denver, CO; Cheyenne, WY; Little Bighorn Battlefield, MT; Vaseux Lake, B.C.",46.706833,-116.92294,1935,1937,https://digital.lib.uidaho.edu/utils/ajaxhelper/?CISOROOT=spec_kl&amp;CISOPTR=955&amp;action=2&amp;DMSCALE=70.00000&amp;DMWIDTH=290&amp;DMHEIGHT=320&amp;DMX=10&amp;DMY=10&amp;DMTEXT=&amp;REC=6&amp;DMTHUMB=1&amp;DMROTATE=0,,https://digital.lib.uidaho.edu/cdm/ref/collection/spec_kl/id/955,"Fishing Contest, 1937",,290px,320px,table map timeline subjects all about,8,timeline
Latah County Community Heritage Collection,lcheritage,Latah County Community Heritage Collection,Kyle Laughlin Photographs,610,610,lcheritage,visible,,https://www.lib.uidaho.edu/digital/lcheritage/index.html,"Idaho; Northwest; Forests; Wilderness; Fire; Latah; Moscow, ID; Potlatch, ID",Collection,Latah County Community,Materials from the NEH Funded Common Heritage Community Digitization Project in Latah County,The Latah County Common Heritage Collection was driven by funding from a National Endowment for the Humanities (NEH) Common Heritage Grant awarded to the University of Idaho Library in 2016. The materials in this collection were collected via community digitization days held in Moscow and Potlatch in 2016 and 2017.,documents; image,"University of Idaho (Library); Moscow, ID;",46.738036,-116.67842,1880,2016,https://digital.lib.uidaho.edu/utils/ajaxhelper/?CISOROOT=lcheritage&amp;CISOPTR=7&amp;action=2&amp;DMSCALE=30&amp;DMWIDTH=512&amp;DMHEIGHT=476&amp;DMX=0&amp;DMY=0&amp;DMTEXT=&amp;DMROTATE=0,,https://digital.lib.uidaho.edu/cdm/ref/collection/lcheritage/id/7,Kelvin Daniels in front of fire,,405px,285px,,,timeline
Latah County Historical Society Photograph Collection,lchsphotos,LCHS Photos,Latah County Community Heritage Collection,153,153,lchsphotos,visible,,https://www.lib.uidaho.edu/digital/lchsphotos,Idaho; Latah;,AltCollection,Latah County Historical,Photographs from the collection of the Latah County Historical Society,Photographs from the collection of the Latah County Historical Society,images,"Latah County, ID",46.732824,-116.99744,1904,2000,https://digital.lib.uidaho.edu/utils/ajaxhelper/?CISOROOT=lchsphotos&amp;CISOPTR=72&amp;action=2&amp;DMSCALE=50&amp;DMWIDTH=425&amp;DMHEIGHT=400&amp;DMX=0&amp;DMY=0&amp;DMTEXT=&amp;DMROTATE=0&amp;DMID=sessionZdbecker%3EWE,,https://digital.lib.uidaho.edu/cdm/ref/collection/lchsphotos/id/72,People on Bovill&apos;s Main Street,,425px,400px,,,timeline
Latah County Oral Histories,lcoh,Latah County Oral Histories,Latah County Historical Society Photograph Collection,330,636,latah,visible,y,https://www.lib.uidaho.edu/digital/lcoh/index.html,"Idaho; Northwest; Forests; Wilderness; Fire; Latah; Moscow, ID; Potlatch, ID; Oral History",AltCollection,Latah County,Remembering Latah County and Idaho Life at the turn of the 20th century,"In the mid 1970s, the Latah County Historical Society collected over 300 oral histories from local Northern Idaho residents who grew up in Idaho during the early part of the 20th century. The Latah County Oral History Project produced one of the largest collections of oral histories in the Pacific Northwest. A copy of the transcripts and cassette recordings was donated to the University of Idaho Library in 1987. Those items were digitized and uploaded into our database in 2013.",documents; audio,"University of Idaho (Library); Moscow, ID;",46.736036,-116.67642,1970,1979,https://www.lib.uidaho.edu/digital/lcoh/photos/Brink-C_02.jpg,,https://www.lib.uidaho.edu/digital/lcoh/people/BRINK_Carol.html,Carol Ryrie Brink,,263px,376px,,,timeline
Lee Morse Collection,morse_lee,Morse Collection,Lee Morse Collection,105,105,ijclm,visible,,https://www.ijc.uidaho.edu/morse_lee/index.html,IJC; Jazz;,IJCCollection,IJC-Morse,Images and recordings from the Lee Morse Collection.,Lee Morse was an American singer and songwriter. The collection includes mainly photographs and sound recordings.,images; audio;,"University of Idaho (Library); Moscow, ID;",46.72732,-117.01388,1924,1941,https://digital.lib.uidaho.edu/utils/ajaxhelper/?CISOROOT=ijclm&amp;CISOPTR=22&amp;action=2&amp;DMSCALE=20&amp;DMWIDTH=326&amp;DMHEIGHT=432&amp;DMX=0&amp;DMY=0&amp;DMTEXT=&amp;DMROTATE=0,,https://digital.lib.uidaho.edu/cdm/ref/collection/ijclm/id/22,Lee Morse playing guitar,,302px,400px,,,timeline
Leonard Feather Jazz Collection,feather_leonard,Feather Jazz Collection,Leonard Feather Jazz Collection,5672,688,lfc,visible,,https://www.ijc.uidaho.edu/feather_leonard/index.html,IJC; Jazz;,IJCCollection,IJC-Feather,"Papers, recordings, and photographs from the collection of Leonard Feather.","The Leonard Feather Collection includes a variety of materials that document and describe the Jazz scene during the middle of the twentieth century. Feather was born in London in 1914 and moved to New York City in 1939. He was a journalist, producer, composer and jazz critic. The collection contains- photos, notebooks, sketches, scores, correspondence, clippings, manuscripts, notes and financial papers.",images; documents; audio; illustrations; scores; video,"University of Idaho (Library); Moscow, ID;",46.72748,-117.01404,1900,1999,https://digital.lib.uidaho.edu/utils/ajaxhelper/?CISOROOT=lfc&amp;CISOPTR=214&amp;action=2&amp;DMSCALE=15&amp;DMWIDTH=431&amp;DMHEIGHT=344&amp;DMX=0&amp;DMY=0&amp;DMTEXT=&amp;DMROTATE=0,,https://digital.lib.uidaho.edu/cdm/ref/collection/lfc/id/214,Leonard Feather and Maragaret Sands at the Savoy Ballroom,,400px,319px,,,timeline
Lewiston Orchards Life Newsletter,lewistonorch,Lewiston Newsletter,Lewiston Orchards Life,25,25,spec_lof,visible,,https://www.lib.uidaho.edu/digital/LewistonOrch/,Idaho; Agriculture;,Collection,Lewiston,"A newsletter documenting daily life in Lewiston Orchards, Idaho (1913-1914)","Lewiston Orchards Life was a newsletter published in Lewiston, Idaho during the early 1900s. The newsletter covers the residential and horticultural lives of those living in the Lewiston Orchards area, which is now a residential neighborhood.",documents,"Lewiston, ID",46.38071,-116.974847,1913,1914,https://www.lib.uidaho.edu/digital/objects/digital/collections/orchards.jpg,,https://digital.lib.uidaho.edu/cdm/ref/collection/spec_lof/id/230,"Lewiston Orchards Life, 1914 April",,400px,215px,timeline about,,timeline
Lionel Hampton Library Collection,hampton_collection,Hampton Collection,Lionel Hampton Library Collection,6660,3603,ijcs,visible,,https://www.ijc.uidaho.edu/hampton_collection/,IJC; Jazz;,IJCCollection,IJC-Hampton,"Scores, documents and images from the Lionel Hampton Collection","The materials in the Lionel Hampton collection span most of his musical career, 1926–2002, with the bulk of the collection dating 1940–1990. The digital collection includes photographs, arrangements, and images of awards and ephemera.",documents; images; scores,"University of Idaho (Library); Moscow, ID;",46.72748,-117.01412,1918,2002,https://digital.lib.uidaho.edu/utils/ajaxhelper/?CISOROOT=ijcs&amp;CISOPTR=10157&amp;action=2&amp;DMSCALE=20&amp;DMWIDTH=427&amp;DMHEIGHT=319&amp;DMX=0&amp;DMY=0&amp;DMTEXT=&amp;DMROTATE=0,,https://digital.lib.uidaho.edu/cdm/singleitem/collection/ijcs/id/10157,Lionel Hampton&apos;s Birthday Party,,400px,299px,,,timeline
Mark Brooks Calnon Collection,calnon,Calnon Collection,Mark Calnon Collection,52,52,calnon,visible,y,https://www.lib.uidaho.edu/digital/calnon/index.html,Idaho; Labor; War;,Collection,Calnon,"Materials from the life of Mark B. Calnon, World War II Pilot and Prisoner of War","The Mark Brooks Calnon Collection consists of estate materials from 2nd. Lt. Mark Brooks Calnon, including memorabilia relating to his experiences in World War II as a pilot and prisoner of war. The collection includes photographs, documents, an oral history (audio/video/transcript), and a copy of Calnon&apos;s book, Some Lived, Some Died It Was Understood. The collection was put together by Journalism and Mass Media Professor Denise Bennett as part of a Seed Grant funded project.",documents; images; audio; video,"Boise, ID; Germany",43.61349,-116.227996,1941,2013,https://digital.lib.uidaho.edu/utils/ajaxhelper/?CISOROOT=calnon&amp;CISOPTR=15&amp;action=2&amp;DMSCALE=20&amp;DMWIDTH=912&amp;DMHEIGHT=512&amp;DMX=0&amp;DMY=0&amp;DMTEXT=&amp;DMROTATE=0,,https://digital.lib.uidaho.edu/cdm/ref/collection/calnon/id/15,B17 Crew Portrait,,592px,474px,video interview all about,,timeline
McCall Public Library Collection,mccall,McCall Library Collection,McCall Public Library Collection,319,319,mccall,visible,,https://www.lib.uidaho.edu/digital/mccall/,Idaho; Water; Wilderness;,Collection,McCall,A collection of family history-related items form the McCall Public Library,A collection of family history-related items form the McCall Public Library,documents; images;,"McCall, ID",44.908901,-116.099141,1815,2014,https://www.lib.uidaho.edu/digital/images/mccalllibrary.jpg,,https://mccall.lili.org/,McCall Library,,500px,260px,subjects locations,,timeline
MosCon Collection,moscon,MosCon Collection,,,,,visible,y,https://www.lib.uidaho.edu/digital/moscon/,Science Fiction; Moscow,Collection,MosCon,A collection of MosCon artifacts celebrating the Palouse Empire Science Fiction Association's decades of fandom on the Palouse,"MosCon was a vibrant regional science fiction convention based in Moscow, Idaho, organized by the Palouse Empire Science Fiction Association (PESFA). This digital collection provides access to MosCon program booklets and related artifacts for the twenty-two annual conventions held from 1979 to 2001.",documents; images;,"Moscow, ID",46.732062,-116.998138,1978,2019,https://www.lib.uidaho.edu/digital/objects/digital/collections/moscon.jpg,moscon,,,,,,,,timeline
Nez Perce Collection,nezperce,Nez Perce Collection,Nez Perce Historical Photograph Collection,583,583,nezperce,noshow,,https://www.lib.uidaho.edu/digital/nezperce/,Idaho; Native Americans; Northwest;,Collection,Nez,20th Century photographs of the Nez Perce/Niimíipuu Native Americans,The Nez Perce Historical Portrait Collection includes nearly 600 photographs of individuals and groups from the Nez Perce/Nimíipuu tribe. Most photographs were taken during the first half of the 20th century. Much of the collection is comprised of studio photographs that have been taken of both individuals and families.,images,"Nez Perce National Historical Park; Lapwai, ID; Spalding, ID;",46.449904,-116.817596,1900,1955,https://digital.lib.uidaho.edu/utils/ajaxhelper/?CISOROOT=nezperce&amp;CISOPTR=512&amp;action=2&amp;DMSCALE=10.5&amp;DMWIDTH=800&amp;DMHEIGHT=700&amp;DMX=0&amp;DMY=0&amp;DMTEXT=&amp;DMROTATE=0,,https://digital.lib.uidaho.edu/cdm/ref/collection/nezperce/id/512,"Border Days Grangeville, Idaho",,400px,258px,subjects all about,,timeline
Northwest Historical Postcards Collection,postcards,Postcards Collection,Northwest Historical Postcards Collection,811,811,nwpostcards,visible,y,https://www.lib.uidaho.edu/digital/postcards/,Idaho; Northwest; Forests; Water; Wilderness;,Collection,Postcards,Digitized Historical Postcards from Idaho and the Greater Northwest,This digital collection of over 800 postcards comes from the historical photograph collections of the University of Idaho Library&apos;s Special Collections &amp; Archives. The postcards range in date from the 1890s to the 1980s.,images,Washington; Oregon; Idaho; Montana; Wyoming; British Columbia; Alberta,46.716798,-119.597168,1890,1980,https://www.lib.uidaho.edu/digital/postcards/images/Postcard_098.jpg,,https://digital.lib.uidaho.edu/cdm/ref/collection/nwpostcards/id/235,"Syinga Time, Lake Pend Oreille, North Idaho",,400px,251px,table map locations subjects about,7,timeline
Ott Historical Photograph Collection,ott,Ott Collection,Ott Historical Photograph Collection,1826,1826,ott,visible,,https://www.lib.uidaho.edu/digital/ott/,Idaho; Latah; Moscow;,Collection,Ott,"Photographs from local Clifford M. Ott depicting northern Idaho as it was, 1890 - 1980","Clifford M. Ott donated this broad collection of historical photographs in 1992. Ott was an avid amateur photographer who amassed over 10,000 slides, prints, and negatives spanning the years from 1883 to 1990. The digital collection represents a selection from Ott&apos;s whole collection, which he compiled into eleven albums containing a total of over 1,800 images of Moscow and surrounding Latah County and used to educate local citizens.",images; newspaper,"Latah County, ID; Moscow, ID; Genesee, ID; Potlatch, ID; Princeton, ID; Harvard, ID; Lewiston, ID; Clarkston, WA; Troy, MT; Livingston, MT; Ralston, NE;",46.731518,-117.001358,1880,1989,https://digital.lib.uidaho.edu/utils/ajaxhelper/?CISOROOT=ott&amp;CISOPTR=90&amp;action=2&amp;DMSCALE=55&amp;DMWIDTH=512&amp;DMHEIGHT=465&amp;DMX=0&amp;DMY=0&amp;DMTEXT=&amp;DMROTATE=0,,https://digital.lib.uidaho.edu/cdm/ref/collection/ott/id/90,"Fat Men&apos;s Race. Moscow, July 4, 1911.",,400px,266px,map timeline subjects all about,9,timeline
Potlatch Historical Society Collection,phs,Potlatch Historical Society,Potlatch Historical Society,1781,1781,phs,visible,,https://www.lib.uidaho.edu/digital/phs,"Idaho; Northwest; Forests; Wilderness; Fire; Latah; Potlatch, ID",AltCollection,Potlatch Historical,"Potlatch Historical Society Collection Depicting life in and around Potlatch, Idaho from 1880 to 1998","Potlatch Historical Society Collection Depicting life in and around Potlatch, Idaho from 1880 to 1998",documents; images;,Idaho,46.921048,-116.903855,1880,1998,https://digital.lib.uidaho.edu/utils/ajaxhelper/?CISOROOT=phs&amp;CISOPTR=7&amp;action=2&amp;DMSCALE=55&amp;DMWIDTH=600&amp;DMHEIGHT=600&amp;DMX=0&amp;DMY=0&amp;DMTEXT=&amp;DMROTATE=0&amp;DMID,,https://digital.lib.uidaho.edu/cdm/ref/collection/phs/id/7,Longest Logging Train,,400px,300px,,9,timeline
Potlatch Lumber Company Photograph Collection,plcphotos,Potlatch Lumber Co. Photos,Potlatch Lumber Company Photograph Collection,1570,1570,plcphotos,visible,,https://www.lib.uidaho.edu/digital/plcphotos/,"Idaho; Northwest; Forests; Wilderness; Fire; Latah; Potlatch, ID",AltCollection,Potlatch Lumber,A collection of over 1500 photographs from the Potlatch Lumber Company,A collection of over 1500 photographs from the Potlatch Lumber Company,images,Idaho,46.921048,-116.903855,1896,1999,https://digital.lib.uidaho.edu/utils/ajaxhelper/?CISOROOT=plcphotos&amp;CISOPTR=16&amp;action=2&amp;DMSCALE=25&amp;DMWIDTH=400&amp;DMHEIGHT=350&amp;DMX=0&amp;DMY=0&amp;DMTEXT=&amp;DMROTATE=0&amp;DMID,,https://digital.lib.uidaho.edu/cdm/ref/collection/plcphotos/id/16,"White Pine King, 1911",,400px,300px,,,timeline
Priest Lake Historical Photograph Collection,priestlake,Priest Lake Collection,Priest Lake Historical Photograph Collection,380,380,priestlake,visible,,https://www.lib.uidaho.edu/digital/priestlake/,Idaho; Northwest; Water; Forests;,Collection,Priest,"Historical Photographs of Priest lake, Idaho and the surrounding area, 1880 - 1950","A digital collection comprised of 380 historical photographs of Priest Lake, Idaho and the surrounding area. The images span the years 1880 to 1950, documenting the area&apos;s waters, boats, buildings, landscape and people.",images,"Priest Lake, ID; Upper Priest Lake, ID; Priest River, ID; Coolin, ID; Idaho;",48.514088,-116.871872,1880,1950,https://www.lib.uidaho.edu/digital/objects/digital/collections/priestlake_4.jpg,,https://digital.lib.uidaho.edu/cdm/ref/collection/priestlake/id/370,Dewey Huot&apos;s Mama,,194px,338px,map timeline subjects all about,10,timeline
Psychiana Digital Collection,psychiana,Psychiana,Psychiana Digital Collection,1323,1323,psychiana,visible,y,https://www.lib.uidaho.edu/digital/psychiana/,Idaho; Northwest; Latah; Religion;,AltCollection,Psychiana,"Materials from the Frank B. Robinson Papers documenting Psychiana, a religion popular in the 1930s and 40s","Materials from the Frank B. Robinson Papers documenting Psychiana, a religion popular in the 1930s and 40s",images; documents; audio,"Moscow, ID",46.733711,-117.001252,1930,1952,https://digital.lib.uidaho.edu/utils/ajaxhelper/?CISOROOT=psychiana&amp;CISOPTR=548&amp;action=2&amp;DMSCALE=27&amp;DMWIDTH=400&amp;DMHEIGHT=350&amp;DMX=0&amp;DMY=0&amp;DMTEXT=&amp;DMROTATE=0&amp;DMID,,https://digital.lib.uidaho.edu/cdm/ref/collection/psychiana/id/548,Photograph of Clerical and Bookkeeping Staff from the Branch Mailing Department.,,400px,350px,,,timeline
Rangeland Center Collection,rangecoll,Rangeland Center Collection,Rangeland Center Collection,66,66,na,visible,,https://digital.lib.uidaho.edu/cdm/landingpage/collection/rangecoll,UI; UIResearch; Northwest; Rangeland;,Collection,Rangeland Center,A repository of information created by University of Idaho researchers related to topics in rangeland ecology and managemen,"The Rangeland Center collection is a repository of information created by University of Idaho researchers related to topics in rangeland ecology and management. Subject areas include ecology of rangelands, grazing management, invasive plants, fire ecology, and more.",documents,Idaho,43.207053,-115.065308,1969,2013,https://www.lib.uidaho.edu/digital/images/rangelandarchive.jpg,,https://www.lib.uidaho.edu/digital/images/rangelandarchive.jpg,Rangeland,,420px,131px,,,timeline
Ray Brown Collection,brown_ray,Ray Brown,Ray Brown Collection,17,17,ijc_brown,visible,,https://www.ijc.uidaho.edu/brown_ray/,IJC; Jazz;,IJCCollection,IJC-Brown,Images from the Ray Brown Collection.,"A small collection of the photographs and awards of Ray Brown, a renowned jazz double bassist and cellist.",images,"University of Idaho (Library); Moscow, ID;",46.7274,-117.01404,1953,2001,https://digital.lib.uidaho.edu/utils/ajaxhelper/?CISOROOT=ijc_brown&amp;CISOPTR=14&amp;action=2&amp;DMSCALE=30&amp;DMWIDTH=357&amp;DMHEIGHT=446&amp;DMX=0&amp;DMY=0&amp;DMTEXT=&amp;DMROTATE=0,,https://digital.lib.uidaho.edu/cdm/ref/collection/ijc_brown/id/14,Ray Brown,,320px,400px,,,timeline
River Recreation Research Database,rrrd,River Recreation Research Database,River Recreation Research Database,,,rrrd,visible,,https://digital.lib.uidaho.edu/digital/collection/rrrd,Water; UIResearch,Collection,River Recreation,,,,,,,,,https://www.lib.uidaho.edu/digital/objects/digital/collections/ferl.jpg,ferl,,,,,,,,timeline
Robert E. Higgins Collection,higgins,Higgins Collection,Robert E. Higgins Collection,42,42,higgins,visible,,https://www.flickr.com/photos/idahodigital/sets/72157626093899947/,Idaho;,Collection,Higgins,"A collection of photographs by Robert E. Higgins, a professor of plant science at the University of Idaho from 1946 to 1999","A collection of photographs by Robert E. Higgins, a professor of plant science at the University of Idaho from 1946 to 1999. During his lifetime, Professor Higgins&apos; photographs were accepted in over 70 juried international salons, and he had one-artist exhibitions in Idaho, Washington, and California.",images,Idaho,46.72756,-117.01412,1946,1999,https://digital.lib.uidaho.edu/utils/ajaxhelper/?CISOROOT=higgins&amp;CISOPTR=13&amp;action=2&amp;DMSCALE=35&amp;DMWIDTH=512&amp;DMHEIGHT=800&amp;DMX=0&amp;DMY=0&amp;DMTEXT=&amp;DMROTATE=0,,https://digital.lib.uidaho.edu/cdm/ref/collection/higgins/id/13,Pioneer,,260px,400px,,,timeline
Sanborn Fire Insurance Maps Collection,p17254coll1,Sanborn Collection,Sanborn Fire Insurance Maps Collection,,,p17254coll1,visible,,https://digital.lib.uidaho.edu/digital/collection/p17254coll1,Idaho; Fire; Maps;,Collection,Sanborn,,,,Idaho,,,,,https://www.lib.uidaho.edu/digital/objects/digital/collections/sanborn.jpg,sanborn,,,,,,,,timeline
Selway-Bitterroot Wilderness History Project,sbwhp,Selway-Bitterroot Project,Selway-Bitterroot Wilderness Collection,312,312,sbw,visible,,https://sbw.lib.uidaho.edu/,Idaho; Water; Forests; Wilderness; Oral History; Selway-Bitterroot Wilderness Region,DMCollection,Selway,"Oral histories, photographs, and other documents from an NEH funded exploration into the human aspects of the Selway-Bitterroot Wilderness","This collection represents the digital objects of the Selwaay-Bitterroot Wilderness History Project, which is an NEH funded exploration into the human aspects of the Selway-Bitterroot Wilderness.",documents; images; podcasts,"Lolo Pass, MT; Lolo Hot Springs, MT; Elk Summit, ID; Freeman Peak, ID; Moose Meadows, ID; Shissler Peak Lookout, ID; Shearer Guard Station, ID; Trapper Peak, ID; Paradise Campground, ID;",46.157491,-114.553871,1920,2011,https://digital.lib.uidaho.edu/utils/ajaxhelper/?CISOROOT=sbw&amp;CISOPTR=110&amp;action=2&amp;DMSCALE=20&amp;DMWIDTH=486&amp;DMHEIGHT=352&amp;DMX=0&amp;DMY=0&amp;DMTEXT=Salmon&amp;DMROTATE=0,,https://digital.lib.uidaho.edu/cdm/ref/collection/sbw/id/110,John Day Ranch,,400px,290px,,,timeline
Senator William Edgar Borah Scrapbooks,spec_web,Borah Scrapbooks,Senator William Edgar Borah Scrapbooks,,,spec_web,visible,,https://digital.lib.uidaho.edu/digital/collection/spec_web,Idaho; Politics;,Collection,Senator William,"A collection of scrapbooks containing memorabilia regarding Senator William Edgar Borah. The scrapbooks consist of newspaper clippings, magazine articles, letters, photographs, and recordings Borah's speeches.","William Edgar Borah was a Republican Senator from Idaho. He first became a candidate for the U.S. Senate in 1903, but was defeated by Weldon Heyburn. He was elected in 1907 and served in that body until his death in 1940. In 1924 he became chairman of the Foreign Relations Committee. He also served on the Judiciary Committee. He was often mentioned as a presidential candidate, but not until 1936 did he actually enter any primaries; his defeat at the convention by Alf Landon was not unexpected. This collection consists of scrapbooks containing newspaper clippings, magazine articles, letters, photographs, and recordings of four of his speeches.",documents; images; audio; newspaper;,Idaho,,,1904,,https://www.lib.uidaho.edu/digital/objects/digital/collections/spec_web_2253.jpg,spec_web_2253,,,,,,,,timeline
Stanton Gilbert Fisher Collection,fisher,Fisher Collection,Stanton Gilbert Fisher Collection,50,50,fisher,visible,,https://www.lib.uidaho.edu/digital/fisher/,Northwest; Native Americans; War;,AltCollection,Fisher,"Writings and memorabilia of Stanton Gilbert Fisher, pioneer and Nez Perce War scout, 1840-1915","Writings and memorabilia of Stanton Gilbert Fisher, pioneer and Nez Perce War scout, 1840-1915. Most of the documents are Nez Perce War collectibles, such as maps, photographs and accounts of the war and its participants. The rest of the papers are personal materials related to Fisher, including autobiographical materials as well as the correspondence and census records of several of his family members.",documents; images; newspaper,"Central Idaho; Beaverhead National Forest, MT; White Bird Battlefield, ID;",45.742401,-116.310539,1840,1915,https://digital.lib.uidaho.edu/utils/ajaxhelper/?CISOROOT=fisher&amp;CISOPTR=290&amp;action=2&amp;DMSCALE=65&amp;DMWIDTH=300&amp;DMHEIGHT=473&amp;DMX=0&amp;DMY=0&amp;DMTEXT=&amp;DMROTATE=0,,https://digital.lib.uidaho.edu/cdm/ref/collection/fisher/id/290,Colonel J. W. Redington,,254px,400px,,,timeline
Stonebraker Photograph Collection,stonebraker,Stonebraker Collection,Stonebraker Photograph Collection,541,540,stonebraker,visible,,https://www.lib.uidaho.edu/digital/stonebraker/,Mining; wilderness; Idaho;,Collection,Stonebraker,"Ranching, Hunting, and Pack Train Operations in North Central Idaho, 1900-1931","A digital collection comprised of 540 historical photographs taken by William Allen Stonebraker at the turn of the century and into the 1920s and 1930s documenting the Salmon River, the Frank Church-River of No Return, the Chamberlain Basin, and the Thunder Mountain Gold Rush.",images,"Salmon River; Frank Church-River of No Return Wilderness (Idaho); Chamberlain Basin, ID;",44.948193,-115.135872,1900,1931,https://digital.lib.uidaho.edu/utils/ajaxhelper/?CISOROOT=stonebraker&amp;CISOPTR=155&amp;action=2&amp;DMSCALE=60&amp;DMWIDTH=800&amp;DMHEIGHT=800&amp;DMX=0&amp;DMY=0&amp;DMTEXT=&amp;DMROTATE=0,,https://digital.lib.uidaho.edu/cdm/ref/collection/stonebraker/id/155,Men in Submerged Boat,,400px,234px,table map subjects all about,8,timeline
Taylor Ranch Log Book Collection,taylorranch,Taylor Ranch Collection,Taylor Ranch Log Book Collection,9,9,taylor,visible,,https://digital.lib.uidaho.edu/cdm/landingpage/collection/taylor,Idaho; Forests; Wilderness,AltCollection,Taylor,"Log books detailing daily events at the Taylor Wilderness Research Station, 1997-2010","The nine log books in this collection detail daily events from 1997 to 2010 recounted by those living and working at the Taylor Wilderness Research Station. In addition to describing the routine research and maintenance task, the logs also provide wildlife sightings and firsthand accounts of harrowing events, such as the dramatic forest fire and evacuation of the year 2000.",documents,"Taylor Ranch, ID; Frank Church-River of No Return Wilderness (Idaho)",45.103422,-114.851106,1997,2010,https://www.lib.uidaho.edu/digital/img/taylor1.jpg,,https://digital.lib.uidaho.edu/cdm/ref/collection/taylor/id/5,Taylor Log Book,,350px,279px,,,timeline
The Argonaut,argonaut,Argonaut,Argonaut,5974,5974,argonaut,visible,,https://www.lib.uidaho.edu/digital/argonaut/,Idaho; Campus; UI; Sports;,CampusCollection,Argonaut,"University of Idaho&apos;s Newspaper, 1898-2010",The Argonaut is the newspaper of the University of Idaho. We hold historical copies from 1898-2010,documents; newspaper;,"University of Idaho; Moscow, ID;",46.728347,-117.007264,1898,2010,https://www.lib.uidaho.edu/digital/objects/digital/collections/argonaut.jpg,,https://uidahodigital.tumblr.com/post/139363978388/we-are-not-alone,Post from our Tumblr featuring Argonaut Ad,,500px,484px,,,timeline
The Big Burn Collection,bigburn,Big Burn,Big Burn Collection,65,65,bigburn,visible,,https://www.lib.uidaho.edu/digital/bigburn/,Idaho; Mining; Fire; Northwest; Forests;,Exhibit,Big,An exhibition of materials related to the 'Big Burn' fires of 1910,"The Big Burn Collection is an online exhibit of materials related to the &apos;Big Burn&apos; fires of 1910 that devastated much of Northern Idaho and Northwest Montana. The collection includes photographs, documents, first-person accounts, and oral histories pertaining to the fires and the local and national responses to them.",images; documents,"Wallace, ID; Lolo Pass, MT; Selway-Bitterroot Wilderness Region",47.487853,-115.872459,1910,1910,https://digital.lib.uidaho.edu/utils/ajaxhelper/?CISOROOT=bigburn&amp;CISOPTR=58&amp;action=2&amp;DMSCALE=12.89169&amp;DMWIDTH=600&amp;DMHEIGHT=600&amp;DMX=0&amp;DMY=0&amp;DMTEXT=&amp;DMROTATE=0,,https://digital.lib.uidaho.edu/cdm/ref/collection/bigburn/id/58,"Forest Fire - Wallace Idaho Aug 20, 1910 Men burned in the fire",,275px,385px,,,timeline
The Idaho Forester Collection,forester,Forester Collection,The Idaho Forester Collection,77,233,forester,visible,,https://www.lib.uidaho.edu/digital/forester/,Forests; Idaho; Northwest; UI;,Collection,Forester,"The University of Idaho Forestry Department&apos;s Annual, 1917 - 1997","The Idaho Forester was published annually from 1917 - 1997 by the University of Idaho&apos;s forestry program. The journal combines research articles, UI program activities information, and analysis of the forest products industry, formerly the dominant industry in Northern Idaho. The collection was developed with the support of a Project Ceres Grant from the Center for Research Libraries and the United States Agricultural Information Network.",documents,"Moscow, ID",46.729399,-117.012629,1917,1997,https://upload.wikimedia.org/wikipedia/commons/2/2e/Gerald_Moira-Canadian_Foresters_in_Windsor_Park_%28CWM_19710261-0430%29.jpeg,,https://digital.lib.uidaho.edu/cdm/ref/collection/forester/id/1104,The Idaho Forester - 1935 (Vol. 17),,260px,400px,table subjects about,,timeline
The Map Room,maps,Map Room,,,,,visible,,https://www.lib.uidaho.edu/digital/maps/,Forests; Fire; Wilderness; Mining; UI; Idaho; Sports; Maps,Application,Map,An interactive Google map application that allows users to browse over 8000 images on a digital map,The Map Room is an interactive Google map application that allows users to browse over 8000 images on a digital map. Use the drop down menus and search box at the top of each map to further refine your browsing.,maps,United States,46.7274,-117.01388,1860,2014,https://www.lib.uidaho.edu/digital/maps/images/maproomback.png,,https://www.lib.uidaho.edu/digital/maps/,The Map Room Website,,400px,298px,,,timeline
The Theodore Roosevelt Collection,troosevelt,Roosevelt Visit Exhibit,,,,,visible,,https://www.lib.uidaho.edu/digital/troosevelt/index.html,UI; Campus; Politics,Exhibit,Theodore,Photos from President&apos;s Roosevelt&apos;s historic visit to the University of Idaho campus in 1911,A collection of photographs from the University of Idaho Historical Photographs Collection commemorating the 100th anniversary of President&apos;s Roosevelt&apos;s historic visit to the University of Idaho campus in 1911.,images,"University of Idaho (Admin Lawn); Moscow, ID;",46.726209,-117.010521,1911,1911,https://digital.lib.uidaho.edu/utils/ajaxhelper/?CISOROOT=spec_uihp&amp;CISOPTR=427&amp;action=2&amp;DMSCALE=30&amp;DMWIDTH=512&amp;DMHEIGHT=408&amp;DMX=0&amp;DMY=0&amp;DMTEXT=&amp;DMROTATE=0,,https://digital.lib.uidaho.edu/cdm/ref/collection/spec_uihp/id/427,Roosevelt on platform in front of University of Idaho Administration Building leaning toward Idaho Governor James Hawley,,400px,319px,,,timeline
Theses and Dissertation Database (ETDs),etds,ETDs,Theses and Dissertations Database (ETDs),428,618,etd,visible,,https://digital.lib.uidaho.edu/cdm/search/collection/etd,UI; UIResearch;,Application,Theses,A catalog of theses and dissertations at the University from 1909 to the present,"A searchable database of cataloged records for over 10,000 theses and dissertations published from 1909 to 2011. This database was most recently updated in June of 2015.",documents,"University of Idaho (Library); Moscow, ID;",46.73524,-117.01396,1909,2011,https://digital.lib.uidaho.edu/digital/api/singleitem/image/pg1/944/default.jpg?highlightTerms=testing,,https://digital.lib.uidaho.edu/cdm/singleitem/collection/etd/id/435,"Distribution of Salt and Moisture in Butter as affected by storage, a 1917 Thesis written by Ricahrd D. Canan",,93px,120px,,,timeline
Turning of the Wheel Collection - Humanities Colloquium 2011-2012,turning,Turning of the Wheel Collection,Turning of the Wheel Collection - Humanities Colloquium 2011-2012,491,491,turning,visible,,https://www.lib.uidaho.edu/digital/turning/,UI; Campus; UIResearch,AltCollection,Turning,"A Digital Collection of Events from the Humanities Colloquium Series, Turning of the Wheel, 2011-2012","A Digital Collection of Events from the Humanities Colloquium Series, Turning of the Wheel, University of Idaho | Moscow, Idaho | 2011-2012",documents; images; video;,"University of Idaho (Commons); Moscow, ID;",46.727391,-117.013046,2011,2012,https://www.lib.uidaho.edu/digital/img/ad_turning.png,,https://digital.lib.uidaho.edu/cdm/ref/collection/turning/id/58,Ad for the collection,,400px,245px,,,timeline
UI Campus Photograph Collection,campus,Campus Collection,University of Idaho Campus Photographs Collection (PG1),3119,3119,pg1,visible,,https://www.lib.uidaho.edu/digital/campus/,Campus; UI;,CampusCollection,Campus,3000 historical photographs of the UI Campus from 1889 to the present,The University of Idaho Campus Photograph Collection contains over 3000 historical photographs of the UI Campus from 1889 to the present.,images,"University of Idaho; Moscow, ID;",46.728014,-117.011009,1889,2014,https://digital.lib.uidaho.edu/utils/ajaxhelper/?CISOROOT=pg1&amp;CISOPTR=1288&amp;action=2&amp;DMSCALE=18.00000&amp;DMWIDTH=1000&amp;DMHEIGHT=1000&amp;DMX=0&amp;DMY=0&amp;DMTEXT=&amp;DMROTATE=0,,https://digital.lib.uidaho.edu/cdm/ref/collection/pg1/id/1288,"Administration Building, University of Idaho from southeast. [52-4]",,400px,315px,,,timeline
University of Idaho Historical Photos,uihistorical,UI Historical Photos,University of Idaho Historical Photograph Collection,487,487,spec_uihp,visible,,https://www.lib.uidaho.edu/digital/uihistorical/,UI; Campus;,CampusCollection,University of Idaho Historical,Photographs documenting campus life at the Univesity of Idaho from 1890 to 1980,"A variety of photographs from several photographic collections held by Special Collections &amp; Archives that depict scenes from the University of Idaho&apos;s past. Includes portraits of past professors and alumni, as well as photos of buildings and events.",images,"University of Idaho; Moscow, ID;",46.725714,-117.011277,1863,1975,https://digital.lib.uidaho.edu/utils/ajaxhelper/?CISOROOT=ott&amp;CISOPTR=0&amp;action=2&amp;DMSCALE=22.37008&amp;DMWIDTH=600&amp;DMHEIGHT=600&amp;DMX=0&amp;DMY=0&amp;DMTEXT=&amp;DMROTATE=0,,https://digital.lib.uidaho.edu/cdm/ref/collection/spec_uihp/id/11,Administration Building 1900,,340px,251px,map timeline subjects all about,15,timeline
University of Idaho Law Faculty Repository,lawir,UI Law Faculty Repository,University of Idaho Law Faculty Repository,,,lawir,visible,,https://digital.lib.uidaho.edu/digital/collection/lawir,UIResearch;,Collection,University of Idaho Law,"Research and scholarship produced by faculty members at the University of Idaho Law School, 2003 - 2013","Research and scholarship produced by faculty members at the University of Idaho Law School, 2003 - 2013",documents,"University of Idaho; Moscow, ID;",46.728347,-117.007264,2003,,https://digital.lib.uidaho.edu/digital/api/singleitem/image/pg1/786/default.jpg?highlightTerms=testing,ui_repository,,,,,,,,timeline
University of Idaho Student Organizations Collection (PG2),pg2,UI Student Organizations Collection,University of Idaho Student Organizations Collection (PG2),,,pg2,visible,,https://digital.lib.uidaho.edu/digital/collection/pg2,UI; Campus;,CampusCollection,University of Idaho Student,"Historic images documenting activities of University of Idaho Student Organizations, 1898-1992",,documents; images,"University of Idaho; Moscow, ID;",46.728347,-117.007264,1898,,https://www.lib.uidaho.edu/digital/objects/digital/collections/pg2_862.jpg,pg2_862,,,,,,,,timeline
Vandal Poem of the Day,,Vandal Poem of the Day,,,,,visible,,https://poetry.lib.uidaho.edu/,Poetry; UIResearch;,CDIL,,A public poetry project that brings relevant contemporary poetry to the University of Idaho and the broader Idaho community.,,poetry,"University of Idaho; Moscow, ID;",46.728347,-117.007264,2015,,https://cdil.lib.uidaho.edu/assets/img/vpod_freeverse2.png,,,,,,,,,timeline
Vandal Video Collection,vandalvideo,Vandal Videos,Vandal Video Collection,167,167,vandalvideo,visible,,https://www.lib.uidaho.edu/digital/vandalvideo/,Campus; UI; Sports;,Collection,Vandal,"Historic videos of University of Idaho Basketball and Football Games, 1925 - 1997",The Vandal Video Collection is a collection of 160+ digitized 16mm Film reels that were scouting videos for both football and basketball games..,video,"University of Idaho (Maclean Field, Neale Stadium, Kibbie Dome); Moscow, ID;",46.727212,-117.01655,1925,1993,https://cdm17254.contentdm.oclc.org/digital/iiif/football/19/full/max/0/default.jpg,,https://digital.lib.uidaho.edu/cdm/ref/collection/vandalvideo/id/2,"UI vs. USC, 1925",,315px,180px,teams map timeline about,4,timeline
VIVO,vivo,VIVO,,,,,visible,,https://vivo.nkn.uidaho.edu/vivo/,UI; UIResearch;,Application,VIVO,A research-focused discovery tool that enables collaboration,"VIVO is a research-focused discovery tool that enables collaboration among scholars across all disciplines. The system allows users to browse or search information on University people, departments, courses, grants, and publications.",,"University of Idaho (Library); Moscow, ID;",46.72724,-117.01396,2008,2017,https://www.lib.uidaho.edu/digital/vivoatui/coauthor.png,,https://www.lib.uidaho.edu/digital/vivoatui/,Vivo Visualization,,400px,382px,,,timeline
Voices of Gay Rodeo,,Voices of Gay Rodeo,,,,,visible,,https://www.voicesofgayrodeo.com,UIResearch; Rodeo; Oral History;,CDIL,,Oral Histories from the International Gay Rodeo Association,"Partnering with the International Gay Rodeo Association to collect and preserve people’s experiences as LGBTQ+ westerners, this project seeks to protect endangered histories and relocate LGBTQ+ people back into the American West as people continue to build resilient communities.",documents,Texas; Colorado; New Mexico; California;,,,2016,2018,https://www.voicesofgayrodeo.com/images/bg/bg005.jpg,,,,,,,,,timeline
Web Archive Collections,webarchive,Web Archives,,21000,21000,webarchive,visible,,https://www.lib.uidaho.edu/digital/webarchive/,UI; Campus;,Collection,Web Archive,Collection of UI newsletters and webpages harvested to preserve unique born-digital content.,,documents,University of Idaho,46.728347,-117.007264,1997,2017,https://www.lib.uidaho.edu/digital/images/small/webarchive.jpg,,https://www.lib.uidaho.edu/digital/images/small/webarchive.jpg,,,400px,328px,,,timeline
White Pine - King of Many Waters Collection,whitepine,White Pine Collection,White Pine - King of Many Waters Collection,144,144,whitepine,visible,y,https://www.lib.uidaho.edu/digital/whitepine/,Idaho; Water; Forests;,AltCollection,White Pine,Images used in the making of the book White Pine - King of Many Waters,Images used in the making of the book White Pine - King of Many Waters,images,"Coeur d'Alene, ID",47.6776,-116.7925,1884,1969,https://digital.lib.uidaho.edu/utils/ajaxhelper/?CISOROOT=whitepine&CISOPTR=137&action=2&DMSCALE=50&DMWIDTH=512&DMHEIGHT=458&DMX=0&DMY=0&DMTEXT=&DMROTATE=0&DMID,,https://digital.lib.uidaho.edu/cdm/ref/collection/whitepine/id/137,A.W. Post and Crew,,512px,458px,,,timeline