objectid,image_thumb,fellowship,award-amount,full-name,firstname,lastname,status,department,year,project,site,description,project_image,professional,oedcourse,oeddiscipline,oedcollege,students_impacted,students_savings,years-active,oedimpacttags,estimated-cost-savings-over-time
sowards_1,https://cdil.lib.uidaho.edu//objects/sowards.jpg,CDIL Digital Scholarship Fellowship,$0,Adam Sowards,Adam,Sowards,Faculty,History,2017,Idaho Wilderness and Democracy: Experiments in Visualizing Citizen Testimony,https://cdil.lib.uidaho.edu/wilderness-hearings/,Visualizing and analyzing citizen testimony via textual analysis of hearings documents from the Wilderness Act and the Roadless Area Review and Evaluation.,https://cdil.lib.uidaho.edu/objects/small/wildhearings_sm.jpg,https://adamsowards.net/,,,,,,,,
turpin_2,https://cdil.lib.uidaho.edu//objects/turpin.jpg,CDIL Faculty Development Fellowship,"$1,500",Zachary Turpin,Zachary,Turpin,Faculty,English,2017,Initial development for Lost Lit Lab,,,,https://verso.uidaho.edu/esploro/profile/zachary_turpin,,,,,,,,
fox-amato,https://cdil.lib.uidaho.edu//objects/fox-amato.jpg,CDIL Faculty Development Fellowship,"$1,500",Matthew Fox-Amato,Matthew,Fox-Amato,Faculty,History,2017,Palouse Digital Scholarship Symposium,https://github.com/PalouseDH/symposium/blob/master/2018/README.md,In past years CDIL has co-hosted a week-long Palouse Digital Scholarship Symposium with Washington State University's Center for Digital Scholarship and Curation (CDSC). This program is currently on hiatus.,https://cdil.lib.uidaho.edu/objects/small/palousedh_sm.jpg,https://verso.uidaho.edu/esploro/profile/matthew_foxamato/overview,,,,,,,,
levan,https://cdil.lib.uidaho.edu//objects/levan.jpg,CDIL Faculty Development Fellowship,"$1,500",Kristine Levan,Kristine,Levan,Faculty,"Culture, Society and Justice",2017,Palouse Digital Scholarship Symposium,https://github.com/PalouseDH/symposium/blob/master/2018/README.md,In past years CDIL has co-hosted a week-long Palouse Digital Scholarship Symposium with Washington State University's Center for Digital Scholarship and Curation (CDSC). This program is currently on hiatus.,https://cdil.lib.uidaho.edu/objects/small/palousedh_sm.jpg,https://verso.uidaho.edu/esploro/profile/kristine_levan,,,,,,,,
oglesby,https://cdil.lib.uidaho.edu//objects/oglesby_new.jpg,CDIL Graduate Fellowship,"$3,200",Corey Oglesby,Corey,Oglesby,Graduate,English,2017,CTRL+Shift,https://ctrl-shift.org/,Data-driven exploration of oral history interviews with 11 prominent contemporary American poets,https://cdil.lib.uidaho.edu/objects/small/ctrl_sm.jpg,https://coreyoglesby.com/,,,,,,,,
westerfield,https://cdil.lib.uidaho.edu//objects/westerfield.png,CDIL Graduate Fellowship,"$3,200",Lauren Westerfield,Lauren,Westerfield,Graduate,English,2017,CTRL+Shift,https://ctrl-shift.org/,Data-driven exploration of oral history interviews with 11 prominent contemporary American poets,https://cdil.lib.uidaho.edu/objects/small/ctrl_sm.jpg,https://www.laurenwesterfield.com/,,,,,,,,
butterfield_1,https://www.uidaho.edu/-/media/UIdaho-Responsive/Images/class/departments/lhsom/faculty-and-staff/sean-butterfield.jpg?h=1200&la=en&w=1200&hash=3013E1345994695826C27E49D38350386708A8BE,ThinkOpen Fellowship,"$1,200",Sean Butterfield,Sean,Butterfield,Faculty,Lionel Hampton School of Music,2017,MUSC 241/242 Theory of Music III,,"Create on original, interactive, digital textbook to teach students music theory.",,https://verso.uidaho.edu/esploro/profile/sean_butterfield,MUSC 241/242 Theory of Music III,Music,"Letters, Arts and Social Sciences",24,"$7,440.00",3,,"$16,314.44"
pula,https://www.uidaho.edu/-/media/UIdaho-Responsive/Images/class/departments/psych-comm/faculty-and-staff/kacy-pula.jpg?h=796&la=en&w=796&hash=AE720C9F0832FDE33A49F4809542D0B657C62118,ThinkOpen Fellowship,"$1,200",Kacy Pula,Kacy,Pula,Faculty,Psychology & Communication,2017,PSYC 101 Introduction to Psychology,,Adapting an open stax textbook to PSYC 101.,,https://verso.uidaho.edu/esploro/profile/kacy_pula,PSYC 101 Introduction to Psychology,Psychology,"Letters, Arts and Social Sciences",137,"$7,124.00",3,,"$15,621.51"
spence,https://www.uidaho.edu/-/media/UIdaho-Responsive/Images/coe/FacultyandStaff/CIFaculty/SpenceIngrid1200x1200.jpg?h=660&la=en&w=660&hash=ACE4D51DACE217C46DC80AF9E0EA8F1869D8C9ED,ThinkOpen Fellowship,"$1,200",Ingrid Spence,Ingrid,Spence,Faculty,Education,2017,EDCI 201 Contexts of Education,,Utilized open resources and course resereves to create a zero cost syllabus.,,,EDCI 201 Contexts of Education,Curriculum and Instruction,"Education, Health and Human Sciences",128,"$12,800.00",3,,"$28,067.85"
terrio,,ThinkOpen Fellowship,"$1,200",Judith Terrio,Judith,Terrio,Faculty,Mathematics,2017,MATH 123 Mathematics Applied to the Modern World,,Adapting an open textbook for MATH 123.,,,MATH 123 Mathematics Applied to the Modern World,Mathematics,Science,136,"$17,680.00",3,,"$38,768.72"
scofield,https://cdil.lib.uidaho.edu//objects/scofield.jpg,CDIL Digital Scholarship Fellowship,$0,Rebecca Scofield,Rebecca,Scofield,Faculty,History,2018,Voices of Gay Rodeo,https://www.voicesofgayrodeo.com/,Ongoing oral history project featuring conversations with members of the International Gay Rodeo Association (IGRA),https://cdil.lib.uidaho.edu/objects/small/voices_sm.jpg,https://verso.uidaho.edu/esploro/profile/rebecca_scofield,,,,,,,,
turpin_1,https://cdil.lib.uidaho.edu//objects/turpin.jpg,CDIL Digital Scholarship Fellowship,$0,Zachary Turpin,Zachary,Turpin,Faculty,English,2018,Lost Lit Lab,https://cdil.lib.uidaho.edu/projects/lostlitlab.html,Searching out lost literature via early digital media and programmatic searching techniques,https://cdil.lib.uidaho.edu/objects/small/lostlitlab_sm.jpg,https://verso.uidaho.edu/esploro/profile/zachary_turpin,,,,,,,,
sowards_2,https://cdil.lib.uidaho.edu//objects/sowards.jpg,CDIL Faculty Development Fellowship,"$1,500",Adam Sowards,Adam,Sowards,Faculty,History,2018,Initial Develpment for Idaho Wilderness Hearings work,https://cdil.lib.uidaho.edu/wilderness-hearings/,,,https://adamsowards.net/,,,,,,,,
nelson,https://cdil.lib.uidaho.edu//objects/nelson.jpg,CDIL Faculty Development Fellowship,"$1,500",Sarah Nelson,Sarah,Nelson,Faculty,Modern Languages & Cultures,2018,Palouse Digital Scholarship Symposium,https://github.com/PalouseDH/symposium/blob/master/2018/README.md,In past years CDIL has co-hosted a week-long Palouse Digital Scholarship Symposium with Washington State University's Center for Digital Scholarship and Curation (CDSC). This program is currently on hiatus.,https://cdil.lib.uidaho.edu/objects/small/palousedh_sm.jpg,https://verso.uidaho.edu/esploro/profile/sarah_nelson,,,,,,,,
renae_campbell,https://cdil.lib.uidaho.edu//objects/campbell.jpg,CDIL Graduate Fellowship,"$3,200",Renae Campbell,Renae,Campbell,Graduate,"Culture, Society and Justice",2018,Historical Japanese Comparative Ceramics Collection (HJCCC),https://cdil.lib.uidaho.edu/projects/hjccc.html,Digital collection that identifies and describes Japanese ceramics manufactured during the Meiji and Taisho eras,https://cdil.lib.uidaho.edu/objects/small/hjccc_sm.jpg,https://verso.uidaho.edu/esploro/profile/renae_campbell,,,,,,,,
rodriguez,https://cdil.lib.uidaho.edu//objects/rodriguez.jpg,CDIL Undergraduate Fellowship,"$2,500",Denessy Rodriguez,Denessy,Rodriguez,Undergraduate,"Culture, Society and Justice",2018,Closure of Syringa,www.arcgis.com/apps/Cascade/index.html?appid=cd897eb9ea4c4544af3e1972ec924745,"2018 CDIL Undergraduate fellow Denessy Rodriguez ('19 Sociology & Anthropology) spent her fellowship developing a visual essay entitled ""Closure of Syringa."" This StoryMap powered essay details the closing of the Syringa Mobile Home park against a backdrop of national trends and data.",https://cdil.lib.uidaho.edu/objects/small/closure_sm.jpg,,,,,,,,,
allen,,ThinkOpen Fellowship,"$1,200",Peter Allen,Peter,Allen,Faculty,Chemistry,2018,CHEM 253 Quantitative Analysis,,Adapting an open textbook and OER for CHEM 253.,,,CHEM 253 Quantitative Analysis,Chemistry,Science,80,"$8,000.00",3,,"$17,542.41"
boysen_taylor_3,https://www.uidaho.edu/-/media/uidaho-responsive/images/coe/facultyandstaff/cifaculty/boysen-taylor_rebekka-boysen_918x918.jpg?h=660&la=en&w=660&rev=c1fd5b8264e14ec59d65406bd1347410,ThinkOpen Fellowship,"$1,200",Rebekkah Boysen-Taylor,Rebekkah,Boysen-Taylor,Faculty,Curriculum and Instruction,2018,EDCI 328 Idaho Histories,,An ebook written by Boysen-Taylor and Marco Seiferle-Valencia that uses primary archival objects and documents to help tell stories of the Hidden Histories of Idaho. Used in EHHS and locally at Palouse Prairie.,,https://verso.uidaho.edu/esploro/profile/rebekka_boysentaylor,EDCI 328,,,0,$0.00,3,,$0.00
butterfield_2,https://www.uidaho.edu/-/media/UIdaho-Responsive/Images/class/departments/lhsom/faculty-and-staff/sean-butterfield.jpg?h=1200&la=en&w=1200&hash=3013E1345994695826C27E49D38350386708A8BE,ThinkOpen Fellowship,"$1,200",Sean Butterfield,Sean,Butterfield,Faculty,Lionel Hampton School of Music,2018,MusC 241 / 242 Music Theory,,"Customizing an previously created interactive, digital textbook to teach students music theory.",,https://verso.uidaho.edu/esploro/profile/sean_butterfield,MusC 241 / 242 Music Theory,Music,"Letters, Arts and Social Sciences",25,"$7,750.00",3,,"$16,994.21"
miller,https://www.lib.uidaho.edu/media/carousel/ross_notext2.jpg,ThinkOpen Fellowship,"$1,200",Ross Miller,Ross,Miller,Graduate,Physics,2018,PHYS 111 General Physics I,,Using Open Stax Physics textbooks for PHYS111,,,PHYS 111 General Physics I,Physics,Science,140,"$39,200.00",3,,"$85,957.80"
ptak,https://vivo.nkn.uidaho.edu/vivo/file/n328454/Tom-Ptak.jpg,ThinkOpen Fellowship,"$1,200",Thomas Ptak,Thomas,Ptak,Faculty,Geography,2018,GEOG 165 Introduction to Human Geography,,Using open course ware for GEOG 165.,,,GEOG 165 Introduction to Human Geography,Geography,Science,40,"$3,000.00",3,,"$6,578.40"
wilson_2,https://cdil.lib.uidaho.edu//objects/miranda-wilson.jpg,ThinkOpen Fellowship,"$1,200",Miranda Wilson,Miranda,Wilson,Faculty,Lionel Hampton School of Music,2018,MusC 239/240 Aural Skills,,Creating a custom music theory textbook.,,https://verso.uidaho.edu/esploro/profile/miranda_wilson,MusC 239/240 Aural Skills,Music,"Letters, Arts and Social Sciences",20,"$2,600.00",3,,"$5,701.28"
xu,,ThinkOpen Fellowship,"$1,200",Shenghan Xu,Shenghan,Xu,Faculty,Business and Economics,2018,OM 370/470 Process Management / Supply Chain Management,,Using OER and open textbooks for OM 370.,,https://verso.uidaho.edu/esploro/profile/shenghan_xu,OM 370/470 Process Management / Supply Chain Management,Operations Management,Business and Economics,40,"$10,600.00",3,,"$23,243.69"
gibbs,,Berry International Jazz Collections Fellowship,"$4,000",Mitchell Gibbs,Mitchell,Gibbs,Undergraduate,Lionel Hampton School of Music,2019,Leonard Feather Blindfold Tests,https://www.lib.uidaho.edu/digital/blindfold/,A digital collection of transcribed interviews between Leonard Feather and renown jazz artists.,https://cdil.lib.uidaho.edu/objects/small/blindfold_sm.jpg,,,,,,,,,
eichner,https://cdil.lib.uidaho.edu//objects/eichner.jpg,CDIL Digital Scholarship Fellowship,$0,Katrina Eichner,Katrina,Eichner,Faculty,"Culture, Society and Justice",2019,Idaho Public Archaeology,https://cdil.lib.uidaho.edu/projects/ipa.html,"Web and data-based exploration of public archaeology data from a Moscow, Idaho archaeological dig at Moscow High School.",https://cdil.lib.uidaho.edu/objects/small/ipa_sm.jpg,https://verso.uidaho.edu/esploro/profile/katrina_eichner/overview,,,,,,,,
eichner,https://cdil.lib.uidaho.edu//objects/eichner.jpg,CDIL Faculty Development Fellowship,"$1,500",Katrina Eichner,Katrina,Eichner,Faculty,"Culture, Society and Justice",2019,Initial development for Idaho Public Archaeology project,https://palousedh.github.io/symposium/,,https://cdil.lib.uidaho.edu/objects/small/ipa_sm.jpg,https://verso.uidaho.edu/esploro/profile/katrina_eichner/overview,,,,,,,,
james,https://cdil.lib.uidaho.edu//objects/james.jpg,CDIL Faculty Development Fellowship,"$1,500",Erin James,Erin,James,Faculty,English,2019,Palouse Digital Scholarship Symposium,https://palousedh.github.io/symposium/,In past years CDIL has co-hosted a week-long Palouse Digital Scholarship Symposium with Washington State University's Center for Digital Scholarship and Curation (CDSC). This program is currently on hiatus.,https://cdil.lib.uidaho.edu/objects/small/palousedh_sm.jpg,https://verso.uidaho.edu/esploro/profile/erin_james,,,,,,,,
baldridge,https://cdil.lib.uidaho.edu//objects/baldridge.jpg,CDIL Graduate Fellowship,"$3,200",Ricky Baldridge,Ricky,Baldridge,Graduate,English,2019,Palouse Digital Scholarship Symposium,https://palousedh.github.io/symposium/,In past years CDIL has co-hosted a week-long Palouse Digital Scholarship Symposium with Washington State University's Center for Digital Scholarship and Curation (CDSC). This program is currently on hiatus.,https://cdil.lib.uidaho.edu/objects/small/palousedh_sm.jpg,,,,,,,,,
stokes,https://cdil.lib.uidaho.edu//objects/stokes.jpg,CDIL Library Fellowship,"$1,500",Kit Stokes,Kit,Stokes,Graduate,English,2019,Potlatch Historical Society Collection,https://www.lib.uidaho.edu/digital/phs/,Assisted with the improvement of the Potlatch Historical Society Collection,,,,,,,,,,
robertson,https://cdil.lib.uidaho.edu//objects/robertson.jpg,CDIL Undergraduate Fellow,"$2,500",Rylee Robertson,Rylee,Robertson,Undergraduate,Business and Economics,2019,University of Idaho: Then and Now,https://www.lib.uidaho.edu/digital/campushistory/,Rephotography project documenting prominent sites from the University of Idaho Campus.,https://cdil.lib.uidaho.edu/objects/small/thennow_sm.jpg,,,,,,,,,
anthony_stevens,https://www.uidaho.edu/-/media/uidaho-responsive/images/coe/facultyandstaff/cifaculty/anthony-stevensvanessav21200x1200.jpg?h=660&la=en&w=660&rev=6432e1a873d747c1b878c2c902b9f260,ThinkOpen Fellowship,"$1,200",Vanessa Anthony-Stevens,Vanessa,Anthony-Stevens,Faculty,Curriculum & Instruction,2019,EDCI 302 EDCI 328,,"Dr. Anthony-Stevens will develop a resource tentatively title Honoring Indigenous Histories: A Reader for Teachers. This resource will offer an overview of Indigenous Histories in the US, foundations of tribal sovereignty and constructive advice on ways for teachers to respect and engage with Indigenous communities in their praxis. This title will place a special focus on Indigenous communities of the Greater Pacific Northwest.",,https://verso.uidaho.edu/esploro/profile/vanessa_anthonystevens,EDCI 302 EDCI 328,Education,"Education, Health and Human Sciences",100,"$10,000.00",3,U of I; Regional; National,"$21,928.01"
blevins,https://www.lib.uidaho.edu/media/verso/profile-pics/blevins_katie.jpg,ThinkOpen Fellowship,"$1,200",Katie Blevins,Katie,Blevins,Faculty,Journalism & Mass Media,2019,JAMM 458: Public Relations Research and Case Studies,,"Dr. Blevins will identify and create OER to support JAMM458, a Public Relations research-based course. Her efforts will focus on adapting existing open materials, as well as identifying openly licensed studies, and alternatives to costly traditional case studies.",,https://verso.uidaho.edu/esploro/profile/katie_blevins,JAMM 458: Public Relations Research and Case Studies,Journalism and Mass Media,"Letters, Arts and Social Sciences",115,"$11,500.00",3,U of I; National,"$25,217.21"
boysen_taylor_1,https://www.uidaho.edu/-/media/uidaho-responsive/images/coe/facultyandstaff/cifaculty/boysen-taylor_rebekka-boysen_918x918.jpg?h=660&la=en&w=660&rev=c1fd5b8264e14ec59d65406bd1347410,ThinkOpen Fellowship,"$1,200",Rebekka Boysen-Taylor,Rebekka,Boysen-Taylor,Faculty,Curriculum and Instruction,2019,"EDCI 328 Elementary Social Studies Methods, EDCI 302 Teaching Culturally Diverse Learners, EDCI 432 Secondary Social Studies Methods Course,",,"Working in close collaboration with the Frederick Douglass Family Foundation, Boysen-Taylor will create a series of “rehistory-ing” lesson plans centered on the life of Anna Murray Douglass, the wife of Frederick Douglass and a formidable civil rights champion in her own right.",,https://verso.uidaho.edu/esploro/profile/rebekka_boysentaylor,"EDCI 328 Elementary Social Studies Methods, EDCI 302 Teaching Culturally Diverse Learners, EDCI 432 Secondary Social Studies Methods Course,",Education,"Education, Health and Human Sciences",75,"$7,500.00",3,U of I; Regional; Idaho public schools,"$16,446.01"
hu,https://www.uidaho.edu/-/media/uidaho-responsive/images/caa/programs/architecture/meet-our-people/hu-xiao.jpg?h=300&la=en&w=300&rev=48a95ca2211c4931b43f1b4127fceeab,ThinkOpen Fellowship,"$1,200",Xiao Hu,Xiao,Hu,Faculty,Architecture,2019,Arch 483 Urban Theories & Issues,,"Dr.Hu will identify and create OER, as well as Library resources, to replace multiple textbooks for ARCH 458, Urban Theory and Issues, and two study abroad courses in China. Dr.Hu hopes to alleviate costs for students, while also reducing the number of textbooks scholars must bring on study-abroad trips.",,https://verso.uidaho.edu/esploro/profile/xiao_hu,Arch 483 Urban Theories & Issues,Architecture,Art and Architecture,120,"$12,000.00",3,U of I,"$26,313.61"
kerr,https://www.uidaho.edu/-/media/uidaho-responsive/images/class/departments/mlc/faculty-and-staff/ashley-kerr.jpg?h=1200&la=en&w=1200&rev=1d8a29e976034995b230211b652ce2dc,ThinkOpen Fellowship,"$1,200",Ashley Kerr,Ashley,Kerr,Faculty,Global Studies,2019,SPAN/LAS 306: Culture and Institutions of Latin America,,"Dr. Kerr will develop a collection of openly licenses materials (OER) to create a culturally responsive reader for Spanish 306 Culture and Institutions of Latin America, which covers pre-Colombian to current Latin American History. This reader will include culturally responsive and engaged content to better serve the diverse backgrounds of our UI students.",,https://verso.uidaho.edu/esploro/profile/ashley_kerr,SPAN/LAS 306: Culture and Institutions of Latin America,Spanish,"Letters, Arts and Social Sciences",90,"$9,000.00",3,College Assistance Migrant Program (CAMP); U of I; Regional; National,"$19,735.21"
pawelko,,ThinkOpen Fellowship,"$1,200",Kathryn Pawelko,Kathryn,Pawelko,Graduate,English,2019,"English 101, English 102, English 109",,"Pawelko’s work will focus on creating culturally responsive course syllabi and lesson plans for English 101 and 102 at the University of Idaho. These materials will include relevant information on English as a second language praxis, as well as content and materials selected to better engage with students of diverse backgrounds and identities.",,,"English 101, English 102, English 109",English,"Letters, Arts and Social Sciences",65,"$6,500.00",3,U of I; Regional,"$14,253.21"
manning,,Berry International Jazz Collections Fellowship,"$4,000",Spencer Manning,Spencer,Manning,Graduate,Lionel Hampton School of Music,2020,"Oral History Interviews with Lynn ""Doc"" Skinner",https://www.lib.uidaho.edu/digital/jazzfest/history.html,"A digital essay presenting a series of oral history interviews conducted with Doc Skinner, an influential figure in the history of the Lionel Hampton Jazz Festival.",https://cdil.lib.uidaho.edu/objects/small/skinner_sm.jpg,,,,,,,,,
sarah_campbell_2,https://cdil.lib.uidaho.edu//objects/campbell-sarah.jpg,CDIL Faculty Development Fellowship,"$1,500",Sarah Campbell,Sarah,Campbell,Faculty,Theatre,2020,Initial development for digital dramaturgy,,,https://cdil.lib.uidaho.edu/objects/small/dramaturgy_sm.jpg,https://verso.uidaho.edu/esploro/profile/sarah_campbell,,,,,,,,
kredell,https://cdil.lib.uidaho.edu//objects/kredell.jpg,CDIL Graduate Fellowship,"$1,800",Jack Kredell,Jack,Kredell,Graduate,English,2020,Storying Extinction,https://cdil.lib.uidaho.edu/storying-extinction/,Storying Extinction: Responding to the Loss of North Idaho’s Mountain Caribou is a multidisciplinary digital humanities project that represents community response to the recent extirpation (2019) of southern mountain caribou from the South Selkirk mountains of North Idaho—the last caribou to inhabit the coterminous United States.,https://cdil.lib.uidaho.edu/objects/small/storying_sm.jpg,,,,,,,,,
lamb,https://cdil.lib.uidaho.edu//objects/lamb.jpg,CDIL Graduate Fellowship,"$1,800",Chris Lamb,Chris,Lamb,Graduate,English,2020,Storying Extinction,https://cdil.lib.uidaho.edu/storying-extinction/,"Multidisciplinary, ""deep map"" essaying of the extirpation of North Idaho's Caribou population",https://cdil.lib.uidaho.edu/objects/small/storying_sm.jpg,,,,,,,,,
matthews,,CDIL Undergraduate Fellowship,"$2,500",Samson Matthews,Samson,Matthews,Undergraduate,Lionel Hampton School of Music,2020,What Glass Shards Are Called,https://www.lib.uidaho.edu/digital/shards/,"This project presents the poem and musical composition What Glass Shards Are Called, a collaboration between poet Emmy Newman and composer Samson Matthews.",https://cdil.lib.uidaho.edu/objects/small/shards_sm.jpg,,,,,,,,,
borrelli,https://www.uidaho.edu/-/media/uidaho-responsive/images/engr/our-people/if/robert-borrelli.jpg?h=300&la=en&w=300&rev=c11f65a630b74e7588d265a2c1928d10,ThinkOpen Fellowship,"$1,200",R.A. Borrelli,R.A.,Borrelli,Faculty,Nuclear Engineering and Industrial Management,2020,NE450: Principles of Nuclear Engineering,,Dr. Borrelli will continue development of an OER for fundamental nuclear engineering knowledge.,,https://verso.uidaho.edu/esploro/profile/robert_borrelli,NE450: Principles of Nuclear Engineering,Nuclear Engineering and Industrial Management,Engineering,10,"$1,000.00",3,,"$2,192.80"
boysen_taylor_2,https://www.uidaho.edu/-/media/uidaho-responsive/images/coe/facultyandstaff/cifaculty/boysen-taylor_rebekka-boysen_918x918.jpg?h=660&la=en&w=660&rev=c1fd5b8264e14ec59d65406bd1347410,ThinkOpen Fellowship,"$1,200",Rebekka Boysen-Taylor,Rebekka,Boysen-Taylor,Faculty,Curriculum and Instruction,2020,"EDCI 328, EDCI 302, EDCI 432, EDCI 463",,Boysen-Taylor will develop materials that support creating open assignments for elementary educators.,,https://verso.uidaho.edu/esploro/profile/rebekka_boysentaylor,"EDCI 328, EDCI 302, EDCI 432, EDCI 463",Education,"Education, Health and Human Sciences",100,"$10,000.00",3,,"$21,928.01"
brown_1,https://www.uidaho.edu/-/media/uidaho-responsive/images/coe/facultyandstaff/msfaculty/brownhelen1200x1200.jpg?h=660&la=en&w=660&rev=87e8abda89ed4ebab4c02ca5cdbabe1a,ThinkOpen Fellowship,"$1,200",Helen Brown,Helen,Brown,Faculty,"Movement Sciences
",2020,MVSC 486/586- Healthy Active Lifestyles Assessment and Intervention,,Dr. Brown will create an open source workbook to support students in developing their skills to develop and implement public health promotion projects.,,https://verso.uidaho.edu/esploro/profile/helen_brown,MVSC 486/586- Healthy Active Lifestyles Assessment and Intervention,Movement Sciences,"Education, Health and Human Sciences",35,"$3,500.00",3,,"$7,674.80"
bush,https://aec.ifas.ufl.edu/media/aecifasufledu/faculty-portraits/Bush_S.jpg,ThinkOpen Fellowship,"$1,200",Sarah Bush,Sarah,Bush,Faculty,Agriculture,2020,"AgEd 251, CLDR 480, AgEd 450/550/CLDR 450",,Dr. Bush will create and adapt open materials to replace traditional texts in AgED251.,,,"AgEd 251, CLDR 480, AgEd 450/550/CLDR 450",Agriculture,Agricultural and Life Sciences,125,"$12,500.00",3,,"$27,410.01"
darragh_1,https://www.uidaho.edu/-/media/uidaho-responsive/images/coe/facultyandstaff/cifaculty/darraghjanine1200x1200.jpg?h=660&la=en&w=660&rev=f30ec3e5b4044848aaea5bb47d7617c6,ThinkOpen Fellowship,"$1,200",Janine Darragh,Janine,Darragh,Faculty,"Curriculum and Instruction
",2020,EDCI 448/548: Introduction to ENL in the K-12 Schools,,Dr. Darragh will create an open syllabus that transitions EDCI 448/548 from a traditional text to a no-cost syllabus using open materials and course reserves resources.,,https://verso.uidaho.edu/esploro/profile/janine_darragh/overview,EDCI 448/548: Introduction to ENL in the K-12 Schools,Curriculum and Instruction,"Education, Health and Human Sciences",60,"$6,000.00",3,,"$13,156.81"
hormel,https://www.uidaho.edu/-/media/uidaho-responsive/images/class/departments/csj/faculty-and-staff/leontina-hormel.jpg?h=1200&la=en&w=1200&rev=83fc4f0978ae4b778f6a433d6f4e4929,ThinkOpen Fellowship,"$1,200",Leontina Hormel,Leontina,Hormel,Faculty,"Culture, Society & Justice",2020,"WGSS 201: Introduction to Women's, Gender and Sexuality Studies",,"Dr. Hormel will adapt an open textbook for WGSS 201, Intro to Women's, Gender and Sexuality Studies and will create an accompanying open syllabus.",,https://verso.uidaho.edu/esploro/profile/leontina_hormel,"WGSS 201: Introduction to Women's, Gender and Sexuality Studies","Women's, Gender and Sexuality Studies","Letters, Arts and Social Sciences",40,"$4,000.00",3,,"$8,771.20"
angel_hubble,,Berry International Jazz Collections Fellowship,"$4,000",Destiny Angel-Hubble,Destiny,Angel-Hubble,Undergraduate,Lionel Hampton School of Music,2021,Ella Fitzgerald Collection,https://www.lib.uidaho.edu/digital/ella-fitzgerald/,"A digital exhibit celebrating Fitzgerald’s fashion and style through her clothing, photographs, and album covers.",https://cdil.lib.uidaho.edu/objects/small/fitzgerald_sm.jpg,,,,,,,,,
sarah_campbell_1,https://cdil.lib.uidaho.edu//objects/campbell-sarah.jpg,CDIL Digital Scholarship Fellowship,"$3,500",Sarah Campbell,Sarah,Campbell,Faculty,Theatre,2021,Digital Dramaturgy,https://digitaldramaturgy.github.io/,Annotation and interpretation framework for dramaturgical work,https://cdil.lib.uidaho.edu/objects/small/dramaturgy_sm.jpg,https://verso.uidaho.edu/esploro/profile/sarah_campbell,,,,,,,,
ladino,https://cdil.lib.uidaho.edu//objects/ladino.jpg,CDIL Faculty Development Fellowship,"$1,500",Jenn Ladino,Jenn,Ladino,Faculty,English,2021,Keeping Watch,https://cdil.lib.uidaho.edu/keeping-watch/,"A “deep” spatial, historical, and biocultural setting of the fire lookout tower in Idaho",https://cdil.lib.uidaho.edu/objects/small/keeping_sm.jpg,https://verso.uidaho.edu/esploro/profile/jennifer_ladino,,,,,,,,
favazzo,https://cdil.lib.uidaho.edu//objects/favazzo.jpg,CDIL Graduate Fellowship,"$3,200",Cady Favazzo,Cady,Favazzo,Graduate,English,2021,Vandal Poem of the Day,https://poetry.lib.uidaho.edu/,"Favazzo helped garner two additional presses' participation in the Vandal Poem of the Day project, Alice James Books and Four Way Books.",https://cdil.lib.uidaho.edu/objects/small/vpod_sm.jpg,https://www.uwyo.edu/learn/directory/bios/cadyfavazzobiography.html,,,,,,,,
marchant,https://cdil.lib.uidaho.edu//objects/marchant.png,CDIL Undergraduate Fellowship,"$2,500",Liam Marchant,Liam,Marchant,Undergraduate,Lionel Hampton School of Music,2021,Ghana Music and Dance Initiative,,An active database of music and dance from across Ghana.,https://cdil.lib.uidaho.edu/objects/small/ghana_sm.jpg,,,,,,,,,
geslani,https://objects.lib.uidaho.edu/harvester/small/geslani_2_sm.jpg,Gary and Carolyn Strong Special Collections Fellowship,"$4,500",Erin Geslani,Erin,Geslani,Graduate,Cultural Anthropology,2021,Process the League of Women Voters of Moscow records,https://archiveswest.orbiscascade.org/ark:80444/xv211561,"Year 1, 2021: Awarded to Erin Geslani, an MA student, to process the League of Women Voters of Moscow records. She processed 13 cubic feet of materials to create this finding aid: https://archiveswest.orbiscascade.org/ark:80444/xv211561. Her fellowship experience inspired her to go on to a MLIS program.",,,,,,,,,,
decker_2,https://cdil.lib.uidaho.edu//objects/decker.jpg,Library Seed Grant,"$2,000",Michael Decker,Michael,Decker,Graduate,English,2021,Keeping Watch,https://cdil.lib.uidaho.edu/keeping-watch/,"A “deep” spatial, historical, and biocultural setting of the fire lookout tower in Idaho",https://cdil.lib.uidaho.edu/objects/small/keeping_sm.jpg,,,,,,,,,
kredell_2,https://cdil.lib.uidaho.edu//objects/kredell.jpg,Library Seed Grant,"$2,000",Jack Kredell,Jack,Kredell,Graduate,Environmental Science,2021,Keeping Watch,https://cdil.lib.uidaho.edu/keeping-watch/,"A “deep” spatial, historical, and biocultural setting of the fire lookout tower in Idaho",https://cdil.lib.uidaho.edu/objects/small/keeping_sm.jpg,,,,,,,,,
lamb_2,https://cdil.lib.uidaho.edu//objects/lamb.jpg,Library Seed Grant,"$2,000",Chris Lamb,Chris,Lamb,Graduate,English,2021,Keeping Watch,https://cdil.lib.uidaho.edu/keeping-watch/,"A “deep” spatial, historical, and biocultural setting of the fire lookout tower in Idaho",https://cdil.lib.uidaho.edu/objects/small/keeping_sm.jpg,,,,,,,,,
baumgaertner_1,https://www.uidaho.edu/-/media/uidaho-responsive/images/class/departments/politics-and-philosophy/people/bert-baumgaertner.jpg?h=300&la=en&w=300&rev=67cf982ac3e6479ea7c4b43875a84fba,ThinkOpen Fellowship,"$1,200",Bert Baumgaertner,Bert,Baumgaertner,Faculty,Politics and Philosophy,2021,PHIL 312: Intro to Decision Theory,,Writing a complete open text on Decision Theory.,,https://verso.uidaho.edu/esploro/profile/bert_baumgaertner,PHIL 312: Intro to Decision Theory,Politics and Philosophy,"Letters, Arts and Social Sciences",30,"$3,000.00",3,,"$6,578.40"
baumgaertner_3,https://www.uidaho.edu/-/media/uidaho-responsive/images/class/departments/politics-and-philosophy/people/bert-baumgaertner.jpg?h=300&la=en&w=300&rev=67cf982ac3e6479ea7c4b43875a84fba,ThinkOpen Fellowship,"$1,200",Bert Baumgartner,Bert,Baumgartner,Faculty,Politics and Philosphy,2021,Decision Theory,,A conceptual introduction to and open textbook on decision theory used in his own classes.,,https://verso.uidaho.edu/esploro/profile/bert_baumgaertner,,,,,"$3,000.00",3,,"$6,578.40"
brown_2,https://www.uidaho.edu/-/media/uidaho-responsive/images/coe/facultyandstaff/msfaculty/brownhelen1200x1200.jpg?h=660&la=en&w=660&rev=87e8abda89ed4ebab4c02ca5cdbabe1a,ThinkOpen Fellowship,"$1,200",Helen Brown,Helen,Brown,Faculty,"Movement Sciences
",2021,MVSC 486 and MVSC 586- Healthy Active Lifestyles Assessment and Program Planning,,Creating an interactive workbook to support student progress over the semester.,,https://verso.uidaho.edu/esploro/profile/helen_brown,MVSC 486 and MVSC 586- Healthy Active Lifestyles Assessment and Program Planning,Movement Sciences,"Education, Health and Human Sciences",20,"$3,000.00",3,,"$6,578.40"
darragh_2,https://www.uidaho.edu/-/media/uidaho-responsive/images/coe/facultyandstaff/cifaculty/darraghjanine1200x1200.jpg?h=660&la=en&w=660&rev=f30ec3e5b4044848aaea5bb47d7617c6,ThinkOpen Fellowship,"$1,200",Janine Darragh,Janine,Darragh,Faculty,"Curriculum and Instruction
",2021,"OER for outreach, service, and research in conjunction with English teachers from crisis contexts around the world.",,Create fresh OER entries on OERCommons to transition content from a locked in app to a more accessible format.,,https://verso.uidaho.edu/esploro/profile/janine_darragh/overview,"OER for outreach, service, and research in conjunction with English teachers from crisis contexts around the world.",Curriculum and Instruction,"Education, Health and Human Sciences",100,"$3,000.00",3,,"$6,578.40"
grindal,https://www.uidaho.edu/-/media/uidaho-responsive/images/class/departments/csj/faculty-and-staff/grindal.jpg?h=1200&la=en&w=1200&rev=be86329e438a4ae790484a538abe314f,ThinkOpen Fellowship,"$1,200",Matthew Grindal,Matthew,Grindal,Faculty,"Culture, Society & Justice",2021,CRIM 101: Introduction to Criminology and CRIM 420: Substance Use and Society,,Develop course readers that support these two courses utilizing existing open texts.,,https://verso.uidaho.edu/esploro/profile/matthew_grindal,CRIM 101: Introduction to Criminology and CRIM 420: Substance Use and Society,Sociology and Anthropology,"Letters, Arts and Social Sciences",65,"$7,670.00",3,,"$16,818.78"
mccleary,https://www.uidaho.edu/-/media/uidaho-responsive/images/caa/programs/art-and-design/meet-our-people/people/lauren-mccleary.png?h=1200&la=en&w=1200&rev=4448536f761746e88cb152c8a2069705,ThinkOpen Fellowship,"$1,200",Lauren McCleary,Lauren,McCleary,Faculty,Art and Architecture,2021,ART 100: Introduction to Art,,Creating a zero cost syllabus for a high-enrollment Introduction to Art Course - Art 101.,,https://verso.uidaho.edu/esploro/profile/lauren_mccleary,ART 100: Introduction to Art,Art,Art and Architecture,200,"$15,000.00",3,Idaho GEM,"$32,892.02"
meeuf,https://www.uidaho.edu/-/media/uidaho-responsive/images/class/departments/jamm/people/faculty-and-staff/meeuf.jpg?h=1200&la=en&w=1200&rev=b14cc32d1cf94a948ade3a7274b7b305,ThinkOpen Fellowship,"$1,200",Russell Meeuf,Russell,Meeuf,Faculty,Journalism and Mass Media,2021,FTV 100: Film History & Aesthetics,,Building a zero cost or very low cost film studies course that still utilizes contemporary and exciting titles for students.,,https://verso.uidaho.edu/esploro/profile/russell_meeuf,"FTV 100, Film History & Aesthetics",Journalism and Mass Media,"Letters, Arts and Social Sciences",80,"$8,000.00",3,,"$17,542.41"
david,,Berry International Jazz Collections Fellowship,"$4,000",Esther David,Esther,David,Undergraduate,Education and English,2022,Doc Cheatham Collection,https://www.lib.uidaho.edu/digital/cheatham/,"A digital exhibit featuring photographs, newspaper articles, letters, clothing, and jazz charts of trumpeter Adolphus Anthony “Doc” Cheatham (1905-1997).",https://cdil.lib.uidaho.edu/objects/small/cheatham_sm.jpg,,,,,,,,,
wilson_1,https://cdil.lib.uidaho.edu//objects/miranda-wilson.jpg,CDIL Faculty Development Fellowship,"$1,500",Miranda Wilson,Miranda,Wilson,Faculty,Lionel Hampton School of Music,2022,School of Cello Playing: A new translation of Carl Davidoff's Violoncell-Schule,https://uidaho.pressbooks.pub/violoncellschule/,https://uidaho.pressbooks.pub/violoncellschule/,https://thecdil.github.io/violoncell-schule/illustrations/davidoff-plate.png,https://verso.uidaho.edu/esploro/profile/miranda_wilson,,,,,,,,
fleener,,Gary and Carolyn Strong Special Collections Fellowship,"$4,500",Dusty Fleener,Dusty,Fleener,Graduate,History,2022,Process the Palouse Empire Science Fiction Association records,https://archiveswest.orbiscascade.org/ark:80444/xv334160,"Year 2, 2022: Awarded to Dusty Fleener, a PhD student, to process the Palouse Empire Science Fiction Association records. His work is ongoing and will have a direct impact on his dissertation.",,,,,,,,,,
tulli_1,,Gary and Carolyn Strong Special Collections Fellowship,"$4,500",Floriana Tulli,Floriana,Tulli,Graduate,English,2022,Process the Women in Natural Resources collection,https://www.lib.uidaho.edu/digital/winr/,"A second award was given in 2022 because there was a strong candidate pool. The Strong family provided some additional funding that, combined with Dean’s Excellence Funds, supported a project from Floriana Tulli to process the Women in Natural Resources collection. She processed 8 cubic feet of materials to create this finding aid: https://archiveswest.orbiscascade.org/ark:80444/xv702668. She also created a digital collection: https://www.lib.uidaho.edu/digital/winr/.",,,,,,,,,,
muise,https://images.squarespace-cdn.com/content/v1/66b151b11b9eeb532dcc1875/0b7b9686-2c12-4370-9d7e-0c10d97a22fc/thumbnail_IMG_4258.jpg?format=2500w,Mainstreet Video ,,Milo Muise,Milo,Muise,Graduate,English,2022,Main Street Video,https://www.lib.uidaho.edu/digital/mainstreet/,"Main Street Video presents 34 oral history interviews captured in 2021 exploring the phenomena of the “local video store” and documenting the history of Howard Hughes Video and the Main Street Video Co-op in Moscow, Idaho. The interviews were conducted by former board member Monique Lillard and former employee and store manager Beau Newsome. The exhibit also features a series of interpetive essays written by Milo Muise (MFA ‘22) that contextualize those interviews with larger local and historical trends.",https://www.lib.uidaho.edu/digital/mainstreet/assets/img/mainstreet-video-argonaut.jpg,https://www.milo-muise.com/,,,,,,,,
baumgaertner_2,https://www.uidaho.edu/-/media/uidaho-responsive/images/class/departments/politics-and-philosophy/people/bert-baumgaertner.jpg?h=300&la=en&w=300&rev=67cf982ac3e6479ea7c4b43875a84fba,ThinkOpen Fellowship,"$1,200",Bert Baumgaertner,Bert,Baumgaertner,Faculty,Politics and Philosophy,2022,PHIL 312: Intro to Decision Theory,,Revising and improving interactivity on a complete open text on Decision Theory.,,https://verso.uidaho.edu/esploro/profile/bert_baumgaertner,PHIL 312: Intro to Decision Theory,Politics and Philosophy,"Letters, Arts and Social Sciences",30,"$3,000.00",2,,"$6,107.48"
hollingshead,https://www.uidaho.edu/-/media/UIdaho-Responsive/Images/coe/FacultyandStaff/CIFaculty/hollingshead_a_v3_1200x1200.jpg?h=660&la=en&w=660&hash=2E6FD6CF5584EBBEAE9B38D114049A572FD2A77B,ThinkOpen Fellowship,"$1,200",Aleksandra Hollingshead,Aleksandra,Hollingshead,Faculty,"Curriculum and Instruction Department Chair, Special Education
",2022,EDSP 448/548,,Developing open reading list to replace outdated and high-cost textbook.,,https://verso.uidaho.edu/esploro/profile/aleksandra_hollingshead,EDSP 448/548,Education,"Education, Health and Human Sciences",15,"$1,800.00",2,,"$3,664.49"
roy,https://www.uidaho.edu/-/media/UIdaho-Responsive/Images/class/departments/history/faculty-and-staff/roy-alyson.jpg?h=1200&la=en&w=1200&hash=707376423CD105B2E325B544761B34BD3519DDB3,ThinkOpen Fellowship,"$1,200",Alyson Roy,Alyson,Roy,Faculty,History,2022,HIST 344: The Roman Empire,,"Creating a zero-cost version of course materials, combining primary source documents and objects with ebook texts/chapters and articles in an easily accessible platform.",,https://verso.uidaho.edu/esploro/profile/alyson_roy,HIST 344: The Roman Empire,History,"Letters, Arts and Social Sciences",30,"$2,000.00",2,,"$4,071.65"
koenig,https://cdil.lib.uidaho.edu//objects/koenig.jpg,CDIL Graduate Fellowship,"$3,900",Nick Koenig,Nick,Koenig,Graduate,Earth & Spatial Sciences,2023,The Chestnut Collective,https://github.com/thecdil/chestnutcollective,A sociocultural and sociopolitical research project tracking the blight and subsequent loss of the American Chestnut on Appalachian families and communities.,https://thecdil.github.io/chestnutcollective/objects/small/castanea_dentata_sm.jpg,https://cdil.lib.uidaho.edu/people/#profile-nick-koenig,,,,,,,,
tulli_2,,CDIL Graduate Fellowship,$0,Floriana Tulli,Floriana,Tulli,Graduate,English,2023,Wolf Reintroduction,https://cdil.lib.uidaho.edu/wolf-reintroduction/,A multimodal essay exploring various dimensions surrounding the wolf controversy: a coalescence of regional viewpoints and events stemming from the initial release of wolves in 1995.,https://cdil.lib.uidaho.edu/objects/small/wolfreintroduction_sm.jpg,https://cdil.lib.uidaho.edu/people/#profile-florianna-tulli,,,,,,,,
yen,https://cdil.lib.uidaho.edu//objects/yen.jpg,CDIL Graduate Fellowship,"$3,900",Anne Yen,Anne,Yen,Graduate,Fish & Wildlife Sciences,2023,Western and Clark's Grebe Breeding Lakes of North America,https://thecdil.github.io/grebe-lakes/,"A summary of Western and Clark’s Grebe breeding data at state, provincial, and regional scales in North America",https://thecdil.github.io/grebe-lakes/assets/img/2019_CSC_Neil_Paprocki_WEGR_one-5573_feature.jpg,https://anneyen.com/home.html,,,,,,,,
gardiner,https://cdil.lib.uidaho.edu//objects/gardiner.jpg,CDIL Undergraduate Fellowship,"$2,500",Grace Gardiner,Grace,Gardiner,Undergraduate,"Culture, Society and Justice",2023,Work on the Latah County Oral History Collection,,,https://cdil.lib.uidaho.edu/objects/small/lcheritage_sm.jpg,,,,,,,,,
vargas,,Gary and Carolyn Strong Special Collections Fellowship,"$4,500",Daniel Vargas,Daniel,Vargas,Graduate,History,2023,Process donation of materials related to the Weiser Old Time Fiddle Festival,https://archiveswest.orbiscascade.org/ark:80444/xv425711,"Fellow arranged and described accession, creating metadata that allowed for a public-facing finding aid. He also digitized a selection of materials from the collection to create a digital collection. ",,,,,,,,,,
ludwig,,Julie and David Levine Data Hub Fellowship,"$5,000",Caroline Ludwig,Caroline,Ludwig,Graduate,Geography,2023,Geo-rectifying Historial Idaho Aerial Photographs,,"She is geo-rectifying, and in some cases digitizing, historical air photo’s in the U of I collection.  Additionally, she is developing and documenting a workflow that will be used process more photos.  ",,https://verso.uidaho.edu/esploro/profile/christopher_ludwig,,,,,,,,
nielson,,Latah County Historic Sites Digital Map Project,"$4,500",Cameron Nielsen,Cameron,Nielsen,Graduate,Theatre,2023,Photograph historic sites around Latah County to create an interactive map,https://www.lib.uidaho.edu/digital/latahsites/,"Translated a printed map of historic sites, created by the Latah Preservation Commission, into a digital map. The original map did not include any photos, so the digital collection created through this project adds significant depth to the resource. ",,,,,,,,,,
koreski,,Berry International Jazz Collections Fellowship,"$4,000",Irene Koreski,Irene,Koreski,Undergraduate,Lionel Hampton School of Music,2024,"Alice Coltrane, Jazz Spiritualism",https://www.lib.uidaho.edu/digital/coltrane/,"A digital collection exploring Alice Coltrane’s contributions to jazz spiritualism, showcasing a rare oral history recording from the U of I Leonard Feather Collection.",https://objects.lib.uidaho.edu/coltrane/small/alice_03_sm.jpg,,,,,,,,,
gladman,,CDIL Graduate Fellowship,"$4,000",Alicia Gladman,Alicia,Gladman,Graduate,English,2024,Tender Spaces,https://cdil.lib.uidaho.edu/tender-spaces/,"A multi-lingual, multimodal essay on Gaëtane Buttigieg's life, art, and forced institutionalization in the 1970s.",https://cdil.lib.uidaho.edu/tender-spaces/objects/small/image002_sm.jpg,,,,,,,,,
steffen,,CDIL Undergraduate Fellowship,"$2,500",Dakota Steffen,Dakota,Steffen,Undergraduate,History,2024,Work on transcription and process for several oral history collections,,,,,,,,,,,,
tibayan,,Gary and Carolyn Strong Special Collections Fellowship,"$4,500",Brian Tibayan,Brian,Tibayan,Graduate,Education,2024,Process donation of materials from WWAMI,https://www.lib.uidaho.edu/digital/wwami/,"Fellow arranged and described accession, creating metadata that allowed for a public-facing finding aid. He also scanned a selection of materials from the collection to create a digital collection. ",,,,,,,,,,
morrison,,Gary and Carolyn Strong Special Collections Fellowship,"$4,500",Kate Morrison,Kate,Morrison,Graduate,Earth & Spatial Sciences,2024,"Process donation of materials from Plant, Soil, and Entomological Sciences. ",https://www.lib.uidaho.edu/digital/pses/,"Fellow arranged and described accession, creating metadata that allowed for a public-facing finding aid. She also scanned a selection of materials from the collection to create a digital collection. ",,,,,,,,,,
richter,https://www.uidaho.edu/-/media/uidaho-responsive/images/class/departments/english/faculty-staff/jamaica-ritcher.jpg?h=1200&la=en&w=1200&rev=9f33d58e4af1433485134e80b2a6b670,ThinkOpen Fellowship,"$1,200",Jamaica Ritcher,Jamaica,Ritcher,Faculty,English,2024,ENG 201: English Grammar Key Concepts and Terms,,Creating a zero cost syllabus for ENGL 201 - English Grammar: Key Concepts and Terms. This course is transitioning from 1 to 3 credits. This fellowship will explore new open and licensed resources to ultimately create a zero cost syllabus.,,https://www.uidaho.edu/class/english/faculty-staff/jamaica-ritcher,ENG 201: English Grammar Key Concepts and Terms,English,"Letters, Arts and Social Sciences",40,"$1,600.00",0,,"$1,600.00"
haltinner,https://www.lib.uidaho.edu/media/verso/profile-pics/haltinner_kristin.jpg,ThinkOpen Fellowship,"$1,200",Kristin Haltinner,Kristin,Haltinner,Faculty,"Culture, Society and Justice",2024,SOC 201: Social Problems,,"Creating a zero cost syllabus for SOC 201 - Social Problems. This fellowship will create a zero cost syllabus for the upcoming summer 2024 version of SOC 201. We will also explore creating interactive assignments and readings using hypothesis and pressbooks, or similar tools.",,https://verso.uidaho.edu/esploro/profile/kristin_haltinner,SOC 201: Social Problems,"Culture, Society and Justice","Letters, Arts and Social Sciences",50,"$5,750.00",0,,"$5,750.00"
levan_2,https://www.lib.uidaho.edu/media/verso/profile-pics/levan_kristine.jpg,ThinkOpen Fellowship,"$1,200",Kristine Levan,Kristine,Levan,Faculty,"Culture, Society and Justice",2024,CRIM 329: Homicide,,"This fellowship will focus on identifying new Open and other zero cost solutions for CRIM 329 Homicide. In addition to seeking out an open textbook, this fellowship will help expand the classes content to support it's new designation at a 400 level.",,https://verso.uidaho.edu/esploro/profile/kristine_levan,CRIM 329: Homicide,"Culture, Society and Justice","Letters, Arts and Social Sciences",80,"$10,240.00",0,,"$10,240.00"
koenig_2,https://cdil.lib.uidaho.edu/objects/koenig.jpg,ThinkOpen Fellowship,"$1,200",Nick Koenig,Nick,Koenig,Graduate,Earth and Spatial Sciences,2024,CORS 246: Catalyzing Change: Co-Creating Climate Futures,,Creating a zero cost syllabus for CORS 246 - Catalyzing Change: Co-Creating Climate Futures,,,CORS 246: Catalyzing Change: Co-Creating Climate Futures,Earth and Spatial Sciences,Science,100,"$5,690.00",0,,"$5,690.00"
kreikemeier,,CDIL Faculty Development Fellowship,"$1,500",Alyssa Kreikemeier,Alyssa,Kreikemeier,Faculty,History,2025,Classroom Space-based Archival Curriculum ,,,,https://verso.uidaho.edu/esploro/profile/alyssa_kreikemeier,,,,,"$282,444.00",,,"$590,507.66"
green,,CDIL Graduate Fellowship,"$4,000",Hannah Green,Hannah,Green,Graduate,English,2025,Sedimentation,,"Sedimentation is a multimodal project which seeks to recognize, represent, and story the central role silt plays within the Colorado River ecosystem. While this project anchors itself around the site of Glen Canyon, it also necessarily reaches beyond Glen Canyon at times. Glen Canyon’s silt (like any component in any ecosystem) is never truly local, contained, or independent, but situated and entwined within a much larger global ecosystem.",,,,,,,,,,
walker-harmon,,CDIL Undergraduate Fellowship,"$2,500",Shelley Walker-Harmon,Shelley,Walker-Harmon,Undergraduate,History,2025,Namesake Building Research and Campus Building Updates,,,,,,,,,,,,
sheneman,,Dr. Richard W. Wells Fellowship,"$4,500",Annie Sheneman,Annie ,Sheneman,Graduate,English,2025,Process Dr. Richard Wells papers,,,,,,,,,,,,
hunter,,Gary and Carolyn Strong Special Collections Fellowship,"$4,500",Ash Hunter,Ash,Hunter,Graduate,Archeaology ,2025,Process donation of historic photos from Forest Service,,,,,,,,,,,,
elsayed,,Gary and Carolyn Strong Special Collections Fellowship,"$4,500",Marwa Elsayed,Marwa,Elsayed,Graduate,Political Science,2025,Process Wildlife Resources Department records,,,,,,,,,,,,
kredell_3,https://cdil.lib.uidaho.edu//objects/kredell.jpg,Lynn and Dennis Baird Fellowship,"$4,000",Jack Kredell,Jack,Kredell,Graduate,Environmental Science,2025,Wilderness/Environmental Archive Analysis and Survey,,Creation of a high-level survey of current Special Collections holdings that align with a potential Wilderness/Environmental Archive ,,,,,,,,,,