title,kanopyid,Days Remaining,expires
The Grocer's Son,1132285,142,Thu Apr 30 00:00:00 PDT 2020
Crazy Horse - The Rehersals and Performances at a French Burlesque,3567637,142,Thu Apr 30 00:00:00 PDT 2020
A Dangerous Son - Children Suffering From Emotional Disturbances,6299768,142,Thu Apr 30 00:00:00 PDT 2020
Peter Eisenman - Making Architecture Move,1100740,142,Thu Apr 30 00:00:00 PDT 2020
The Rediscovery of the Mind,1168038,142,Thu Apr 30 00:00:00 PDT 2020
Memories of a Dreamer - The Journies of a Political Prisoner,1258730,142,Thu Apr 30 00:00:00 PDT 2020
When the Mountains Tremble - War and Revolution in Guatemala,3686517,142,Thu Apr 30 00:00:00 PDT 2020
Strip,1086612,142,Thu Apr 30 00:00:00 PDT 2020
Society,4622233,142,Thu Apr 30 00:00:00 PDT 2020
Madhouse,2236781,142,Thu Apr 30 00:00:00 PDT 2020
African Underground: Democracy in Dakar,1128934,142,Thu Apr 30 00:00:00 PDT 2020
Hereditary,6331633,142,Thu Apr 30 00:00:00 PDT 2020
Tableau Ferraille,1139758,142,Thu Apr 30 00:00:00 PDT 2020
The Big Flip - Stories From the Modern Homefront,3411226,142,Thu Apr 30 00:00:00 PDT 2020
Cartel Land - Vigilante Groups Fighting Mexican Drug Cartels,3931964,142,Thu Apr 30 00:00:00 PDT 2020
The African Burial Ground - An American Discovery (playlist),1129951,142,Thu Apr 30 00:00:00 PDT 2020
War Don Don,1144284,142,Thu Apr 30 00:00:00 PDT 2020
Cleo From 5 to 7,1113376,142,Thu Apr 30 00:00:00 PDT 2020
GTFO: Get the F**k Out - Women in Gaming,1243152,142,Thu Apr 30 00:00:00 PDT 2020
Timbuktu,4777540,142,Thu Apr 30 00:00:00 PDT 2020
Oldboy,1114402,142,Thu Apr 30 00:00:00 PDT 2020
Nostalghia,1253425,142,Thu Apr 30 00:00:00 PDT 2020
Lavender,1518442,142,Thu Apr 30 00:00:00 PDT 2020
Human - What It Means To Be Human,6293877,142,Thu Apr 30 00:00:00 PDT 2020
Meth Storm - Meth Addiction in Rural Arkansas,6307721,142,Thu Apr 30 00:00:00 PDT 2020
We Were Children - The Traumatic Legacy of Residential Schools,1100814,142,Thu Apr 30 00:00:00 PDT 2020
Nuclear Meltdown Disaster - Inside the Fukushima Crisis,1181180,142,Thu Apr 30 00:00:00 PDT 2020
The Florida Project,6324503,142,Thu Apr 30 00:00:00 PDT 2020
Leaving Home - Traditional Marriage in India,1249771,142,Thu Apr 30 00:00:00 PDT 2020
Alphaville,6435456,142,Thu Apr 30 00:00:00 PDT 2020
"Aguirre, the Wrath of God - Aguirre, der Zorn Gottes (playlist)",1653253,142,Thu Apr 30 00:00:00 PDT 2020
Yojimbo,1113304,142,Thu Apr 30 00:00:00 PDT 2020
Why Zebras Don't Get Ulcers - With Robert Sapolsky,1051585,142,Thu Apr 30 00:00:00 PDT 2020
Weekends,6389329,142,Thu Apr 30 00:00:00 PDT 2020
Unity - The Interconnectedness of Life on Earth,3274683,142,Thu Apr 30 00:00:00 PDT 2020
The End of Poverty? - An Exploration of World Poverty,1080409,142,Thu Apr 30 00:00:00 PDT 2020
"States of Grace - An Inspiring Journey of Resilience, and Renewal (playlist)",1194797,142,Thu Apr 30 00:00:00 PDT 2020
Glenn Murcutt: Spirit of Place - The Construction of a Mosque for an Islamic Community in Melbourne,1444872,142,Thu Apr 30 00:00:00 PDT 2020
Vita Activa: The Spirit of Hannah Arendt - The Life and Work of A Moral Philosopher,5110125,142,Thu Apr 30 00:00:00 PDT 2020
Modern Life,1137598,142,Thu Apr 30 00:00:00 PDT 2020
Examined Life - Influential Thinkers and The Spaces that Shape their Ideas,6318368,142,Thu Apr 30 00:00:00 PDT 2020
Life After Life - Personal Stories of Adjusting to Life After Incarceration,6447508,142,Thu Apr 30 00:00:00 PDT 2020
What's in a Name? - Le prénom,2270438,142,Thu Apr 30 00:00:00 PDT 2020
Thank You For Your Service - The Reality of War Inflicted Mental Illnesses,1399205,173,Sun May 31 00:00:00 PDT 2020
Equinox Flower,1113310,173,Sun May 31 00:00:00 PDT 2020
Waiting for John - An Island Cult Worships American Materialism,1676951,173,Sun May 31 00:00:00 PDT 2020
Logan Lucky,6633121,173,Sun May 31 00:00:00 PDT 2020
Normal is Over 1.1 - Innovative Solutions to Global Decline,1677409,173,Sun May 31 00:00:00 PDT 2020
Looking for Infinity: El Camino - An Inspirational Christian Pilgrimage,1656615,173,Sun May 31 00:00:00 PDT 2020
The Beaches of Agnes - Exploring the Memories of a Legendary Filmmaker,6432380,173,Sun May 31 00:00:00 PDT 2020
It Comes at Night,6324519,173,Sun May 31 00:00:00 PDT 2020
Language Healers - Native Americans Revitalizing Native Languages,1235812,173,Sun May 31 00:00:00 PDT 2020
Learning to See - The World of Insects,4013214,173,Sun May 31 00:00:00 PDT 2020
Summer With Monika,1113066,173,Sun May 31 00:00:00 PDT 2020
"Kumiko, The Treasure Hunter",2768107,173,Sun May 31 00:00:00 PDT 2020
American Commune - America's Largest Socialist Experiment,1240479,173,Sun May 31 00:00:00 PDT 2020
Constant Change - The Spread of Language,1139275,173,Sun May 31 00:00:00 PDT 2020
The King's Choice - Kongens nei,2670238,173,Sun May 31 00:00:00 PDT 2020
A Woman Under the Influence,1113084,173,Sun May 31 00:00:00 PDT 2020
Skin,6608282,173,Sun May 31 00:00:00 PDT 2020
Wild Strawberries,1113078,173,Sun May 31 00:00:00 PDT 2020
Leaving Neverland Part 1,6613267,173,Sun May 31 00:00:00 PDT 2020
Climate Refugees - The Global Human Impact of Climate Change,1171082,173,Sun May 31 00:00:00 PDT 2020
Home Sweet Home,4711166,173,Sun May 31 00:00:00 PDT 2020
Love and Sex in an Age of Pornography - The Influence of Pornography on Young People,1269065,173,Sun May 31 00:00:00 PDT 2020
Diane Has The Right Shape - Diane a les épaules,6487627,173,Sun May 31 00:00:00 PDT 2020
9 to 5 Days in Porn - Personal Stories From the Adult Entertainment industry,1251270,173,Sun May 31 00:00:00 PDT 2020
Robert Motherwell: Summer of 1971 - The Art and Influence of an American Artist,1785869,203,Tue Jun 30 00:00:00 PDT 2020
Swept Away - Travolti da un insolito destino nell'azzurro mare d'agosto,5326131,203,Tue Jun 30 00:00:00 PDT 2020
In Organic We Trust - Understanding Organic Food,1171104,203,Tue Jun 30 00:00:00 PDT 2020
The Secret of Kells,3931955,203,Tue Jun 30 00:00:00 PDT 2020
Hitchcock/Truffaut - The Timeless Legacy of Alfred Hitchcock,4670071,203,Tue Jun 30 00:00:00 PDT 2020
The Violin,1132295,203,Tue Jun 30 00:00:00 PDT 2020
The Good Old Naughty Days - Early Adult Cinema,1251274,203,Tue Jun 30 00:00:00 PDT 2020
Dead Birds,1095423,203,Tue Jun 30 00:00:00 PDT 2020
The Aztecs (playlist),1145400,203,Tue Jun 30 00:00:00 PDT 2020
The Empathy Gap - Masculinity and the Courage to Change,1160013,203,Tue Jun 30 00:00:00 PDT 2020
The Spectacular Now,6324571,203,Tue Jun 30 00:00:00 PDT 2020
Django,4459505,203,Tue Jun 30 00:00:00 PDT 2020
The Turin Horse - A Torinói Ló,6461619,203,Tue Jun 30 00:00:00 PDT 2020
K2: Siren of the Himalayas,1137586,203,Tue Jun 30 00:00:00 PDT 2020
Trumbo,6633135,203,Tue Jun 30 00:00:00 PDT 2020
Ken Burns: The Central Park Five,1122855,203,Tue Jun 30 00:00:00 PDT 2020
The Nuer,1116056,203,Tue Jun 30 00:00:00 PDT 2020
By Blood - Native American Men Fight for Cherokee Citizenship,3434684,203,Tue Jun 30 00:00:00 PDT 2020
InnSaei: The Power of Intuition - The Art of Connecting in Modern Society,4670069,203,Tue Jun 30 00:00:00 PDT 2020
The Young Girls of Rochefort,1154452,203,Tue Jun 30 00:00:00 PDT 2020
Beware the Slenderman - The Infamous Case Paying Tribute to the Popular Internet Legend,6300813,203,Tue Jun 30 00:00:00 PDT 2020
A Most Violent Year,6324551,203,Tue Jun 30 00:00:00 PDT 2020
Eighth Grade,6597567,203,Tue Jun 30 00:00:00 PDT 2020
Ripe for Change,1080593,203,Tue Jun 30 00:00:00 PDT 2020
Lifecycles - A Story of AIDS in Malawi,1096782,203,Tue Jun 30 00:00:00 PDT 2020
E-Motion - Helping People Let Go of Negative Emotions,1849276,203,Tue Jun 30 00:00:00 PDT 2020
97%,1946928,203,Tue Jun 30 00:00:00 PDT 2020
Robert Bly: A Thousand Years of Joy - An American Poet and Anti-War Activist,1465998,203,Tue Jun 30 00:00:00 PDT 2020
20th Century Women,6324464,203,Tue Jun 30 00:00:00 PDT 2020
This Beautiful Fantastic,1723318,203,Tue Jun 30 00:00:00 PDT 2020
Code Black - A Look Inside the Busiest E.R. in America,6563261,234,Fri Jul 31 00:00:00 PDT 2020
Paycheck to Paycheck - The Life & Times of Katrina Gilbert,6307705,234,Fri Jul 31 00:00:00 PDT 2020
Under the Skin,6324581,234,Fri Jul 31 00:00:00 PDT 2020
Nelly & Monsieur Arnaud,6608211,234,Fri Jul 31 00:00:00 PDT 2020
Five Obstructions,1114028,234,Fri Jul 31 00:00:00 PDT 2020
People Like Us - Social Class in America,1098660,234,Fri Jul 31 00:00:00 PDT 2020
